adm3_name,adm3_name1,adm3_name2,adm3_name3,adm3_pcode,adm2_name,adm2_name1,adm2_name2,adm2_name3,adm2_pcode,adm1_name,adm1_name1,adm1_name2,adm1_name3,adm1_pcode,adm0_name,adm0_name1,adm0_name2,adm0_name3,adm0_pcode,valid_on,valid_to,area_sqkm,version,lang,lang1,lang2,lang3,adm3_ref_name,center_lat,center_lon
Alikadam,,,,BD20030004,Bandarban,,,,BD2003,Chattogram,,,,BD20,Bangladesh,,,,BD,21/05/23,,785.0258187,v03,en,,,,,21.59618578,92.40337107
Bandarban Sadar,,,,BD20030014,Bandarban,,,,BD2003,Chattogram,,,,BD20,Bangladesh,,,,BD,21/05/23,,523.4868978,v03,en,,,,,22.06545533,92.23266601
Lama,,,,BD20030051,Bandarban,,,,BD2003,Chattogram,,,,BD20,Bangladesh,,,,BD,21/05/23,,703.6223873,v03,en,,,,,21.81028832,92.21156194
Naikkhongchhari,,,,BD20030073,Bandarban,,,,BD2003,Chattogram,,,,BD20,Bangladesh,,,,BD,21/05/23,,517.348221,v03,en,,,,,21.47139618,92.24297656
Rowangchhari,,,,BD20030089,Bandarban,,,,BD2003,Chattogram,,,,BD20,Bangladesh,,,,BD,21/05/23,,440.712292,v03,en,,,,,22.1994028,92.35191016
Ruma,,,,BD20030091,Bandarban,,,,BD2003,Chattogram,,,,BD20,Bangladesh,,,,BD,21/05/23,,634.4372379,v03,en,,,,,22.00777832,92.44855183
Thanchi,,,,BD20030095,Bandarban,,,,BD2003,Chattogram,,,,BD20,Bangladesh,,,,BD,21/05/23,,986.3802383,v03,en,,,,,21.64261732,92.53326194
Akhaura,,,,BD20120002,Brahmanbaria,,,,BD2012,Chattogram,,,,BD20,Bangladesh,,,,BD,21/05/23,,92.2161916,v03,en,,,,,23.8406693,91.1901894
Ashuganj,,,,BD20120033,Brahmanbaria,,,,BD2012,Chattogram,,,,BD20,Bangladesh,,,,BD,21/05/23,,77.56757515,v03,en,,,,,24.01814155,91.01833745
Banchharampur,,,,BD20120004,Brahmanbaria,,,,BD2012,Chattogram,,,,BD20,Bangladesh,,,,BD,21/05/23,,206.0602903,v03,en,,,,,23.78053412,90.80732254
Bijoynagar,,,,BD20120007,Brahmanbaria,,,,BD2012,Chattogram,,,,BD20,Bangladesh,,,,BD,21/05/23,,225.4833675,v03,en,,,,,23.99153007,91.22736838
Brahmanbaria Sadar,,,,BD20120013,Brahmanbaria,,,,BD2012,Chattogram,,,,BD20,Bangladesh,,,,BD,21/05/23,,216.5541688,v03,en,,,,,23.94993121,91.11594537
Kasba,,,,BD20120063,Brahmanbaria,,,,BD2012,Chattogram,,,,BD20,Bangladesh,,,,BD,21/05/23,,209.4784328,v03,en,,,,,23.76086796,91.13132405
Nabinagar,,,,BD20120085,Brahmanbaria,,,,BD2012,Chattogram,,,,BD20,Bangladesh,,,,BD,21/05/23,,361.3969283,v03,en,,,,,23.86327014,90.979673
Nasirnagar,,,,BD20120090,Brahmanbaria,,,,BD2012,Chattogram,,,,BD20,Bangladesh,,,,BD,21/05/23,,315.8624809,v03,en,,,,,24.18226005,91.1871252
Sarail,,,,BD20120094,Brahmanbaria,,,,BD2012,Chattogram,,,,BD20,Bangladesh,,,,BD,21/05/23,,223.6492122,v03,en,,,,,24.10250867,91.11323753
Chandpur Sadar,,,,BD20130022,Chandpur,,,,BD2013,Chattogram,,,,BD20,Bangladesh,,,,BD,21/05/23,,319.5771869,v03,en,,,,,23.23175162,90.6513703
Faridganj,,,,BD20130045,Chandpur,,,,BD2013,Chattogram,,,,BD20,Bangladesh,,,,BD,21/05/23,,235.4043174,v03,en,,,,,23.1441551,90.76190402
Haimchar,,,,BD20130047,Chandpur,,,,BD2013,Chattogram,,,,BD20,Bangladesh,,,,BD,21/05/23,,167.7699852,v03,en,,,,,23.076609,90.61716648
Hajiganj,,,,BD20130049,Chandpur,,,,BD2013,Chattogram,,,,BD20,Bangladesh,,,,BD,21/05/23,,191.4860523,v03,en,,,,,23.25779613,90.83747836
Kachua,,,,BD20130058,Chandpur,,,,BD2013,Chattogram,,,,BD20,Bangladesh,,,,BD,21/05/23,,237.8036348,v03,en,,,,,23.35926547,90.88289267
Matlab Dakkhin,,,,BD20130076,Chandpur,,,,BD2013,Chattogram,,,,BD20,Bangladesh,,,,BD,21/05/23,,130.2219362,v03,en,,,,,23.34815058,90.74730936
Matlab Uttar,,,,BD20130079,Chandpur,,,,BD2013,Chattogram,,,,BD20,Bangladesh,,,,BD,21/05/23,,283.2325751,v03,en,,,,,23.4101348,90.64106338
Shahrasti,,,,BD20130095,Chandpur,,,,BD2013,Chattogram,,,,BD20,Bangladesh,,,,BD,21/05/23,,154.3328945,v03,en,,,,,23.20587855,90.95691718
Anwara,,,,BD20150004,Chattogram,,,,BD2015,Chattogram,,,,BD20,Bangladesh,,,,BD,21/05/23,,160.8204713,v03,en,,,,,22.19757387,91.8786927
Banshkhali,,,,BD20150008,Chattogram,,,,BD2015,Chattogram,,,,BD20,Bangladesh,,,,BD,21/05/23,,362.6345737,v03,en,,,,,22.01727076,91.9380992
Boalkhali,,,,BD20150012,Chattogram,,,,BD2015,Chattogram,,,,BD20,Bangladesh,,,,BD,21/05/23,,139.4056536,v03,en,,,,,22.37729487,91.96622113
Chandanaish,,,,BD20150018,Chattogram,,,,BD2015,Chattogram,,,,BD20,Bangladesh,,,,BD,21/05/23,,199.8647341,v03,en,,,,,22.21239926,92.06454009
Fatikchhari,,,,BD20150033,Chattogram,,,,BD2015,Chattogram,,,,BD20,Bangladesh,,,,BD,21/05/23,,758.9745286,v03,en,,,,,22.75545823,91.74886747
Hathazari,,,,BD20150037,Chattogram,,,,BD2015,Chattogram,,,,BD20,Bangladesh,,,,BD,21/05/23,,228.0901617,v03,en,,,,,22.526199,91.79785039
Karnaphuli,,,,BD20150039,Chattogram,,,,BD2015,Chattogram,,,,BD20,Bangladesh,,,,BD,21/05/23,,50.71790791,v03,en,,,,,22.28719585,91.8460119
Lohagara,,,,BD20150047,Chattogram,,,,BD2015,Chattogram,,,,BD20,Bangladesh,,,,BD,21/05/23,,260.0764237,v03,en,,,,,21.98607426,92.11204876
Mirsarai,,,,BD20150053,Chattogram,,,,BD2015,Chattogram,,,,BD20,Bangladesh,,,,BD,21/05/23,,508.418503,v03,en,,,,,22.80385025,91.54756079
Patiya,,,,BD20150061,Chattogram,,,,BD2015,Chattogram,,,,BD20,Bangladesh,,,,BD,21/05/23,,253.6155445,v03,en,,,,,22.29314167,91.98742056
Rangunia,,,,BD20150070,Chattogram,,,,BD2015,Chattogram,,,,BD20,Bangladesh,,,,BD,21/05/23,,354.2169478,v03,en,,,,,22.46617757,92.06834682
Raozan,,,,BD20150074,Chattogram,,,,BD2015,Chattogram,,,,BD20,Bangladesh,,,,BD,21/05/23,,243.8438275,v03,en,,,,,22.51965128,91.91727933
Sandwip,,,,BD20150078,Chattogram,,,,BD2015,Chattogram,,,,BD20,Bangladesh,,,,BD,21/05/23,,390.7794911,v03,en,,,,,22.5106171,91.45787931
Satkania,,,,BD20150082,Chattogram,,,,BD2015,Chattogram,,,,BD20,Bangladesh,,,,BD,21/05/23,,276.3119234,v03,en,,,,,22.10592592,92.05950882
Sitakunda,,,,BD20150086,Chattogram,,,,BD2015,Chattogram,,,,BD20,Bangladesh,,,,BD,21/05/23,,492.9236297,v03,en,,,,,22.54303233,91.65690147
Chakaria,,,,BD20220016,Cox's Bazar,,,,BD2022,Chattogram,,,,BD20,Bangladesh,,,,BD,21/05/23,,493.2713832,v03,en,,,,,21.74110917,92.0517345
Coxs Bazar Sadar,,,,BD20220024,Cox's Bazar,,,,BD2022,Chattogram,,,,BD20,Bangladesh,,,,BD,21/05/23,,120.6124722,v03,en,,,,,21.46611549,92.01564253
Eidgaon,,,,BD20220032,Cox's Bazar,,,,BD2022,Chattogram,,,,BD20,Bangladesh,,,,BD,21/05/23,,86.42992847,v03,en,,,,,21.55582075,92.05915783
Kutubdia,,,,BD20220045,Cox's Bazar,,,,BD2022,Chattogram,,,,BD20,Bangladesh,,,,BD,21/05/23,,71.69389474,v03,en,,,,,21.83800675,91.86254458
Maheshkhali,,,,BD20220049,Cox's Bazar,,,,BD2022,Chattogram,,,,BD20,Bangladesh,,,,BD,21/05/23,,400.3546118,v03,en,,,,,21.60718915,91.91955884
Pekua,,,,BD20220056,Cox's Bazar,,,,BD2022,Chattogram,,,,BD20,Bangladesh,,,,BD,21/05/23,,143.522476,v03,en,,,,,21.81593944,91.94474478
Ramu,,,,BD20220066,Cox's Bazar,,,,BD2022,Chattogram,,,,BD20,Bangladesh,,,,BD,21/05/23,,384.0980437,v03,en,,,,,21.43878767,92.12036409
Teknaf,,,,BD20220090,Cox's Bazar,,,,BD2022,Chattogram,,,,BD20,Bangladesh,,,,BD,21/05/23,,367.9519645,v03,en,,,,,20.96925113,92.23706771
Ukhia,,,,BD20220094,Cox's Bazar,,,,BD2022,Chattogram,,,,BD20,Bangladesh,,,,BD,21/05/23,,258.7660902,v03,en,,,,,21.22806282,92.11533645
Adarsha Sadar,,,,BD20190067,Cumilla,,,,BD2019,Chattogram,,,,BD20,Bangladesh,,,,BD,21/05/23,,111.5459995,v03,en,,,,,23.47977528,91.15674514
Barura,,,,BD20190009,Cumilla,,,,BD2019,Chattogram,,,,BD20,Bangladesh,,,,BD,21/05/23,,246.5172749,v03,en,,,,,23.35688513,91.04002614
Brahmanpara,,,,BD20190015,Cumilla,,,,BD2019,Chattogram,,,,BD20,Bangladesh,,,,BD,21/05/23,,128.3330173,v03,en,,,,,23.64701097,91.09595838
Burichang,,,,BD20190018,Cumilla,,,,BD2019,Chattogram,,,,BD20,Bangladesh,,,,BD,21/05/23,,167.8039897,v03,en,,,,,23.53518256,91.11687246
Chandina,,,,BD20190027,Cumilla,,,,BD2019,Chattogram,,,,BD20,Bangladesh,,,,BD,21/05/23,,200.0201009,v03,en,,,,,23.44627926,90.94481512
Chauddagram,,,,BD20190031,Cumilla,,,,BD2019,Chattogram,,,,BD20,Bangladesh,,,,BD,21/05/23,,273.9433477,v03,en,,,,,23.22183679,91.27969434
Daudkandi,,,,BD20190036,Cumilla,,,,BD2019,Chattogram,,,,BD20,Bangladesh,,,,BD,21/05/23,,218.9750035,v03,en,,,,,23.50293787,90.77310239
Debidwar,,,,BD20190040,Cumilla,,,,BD2019,Chattogram,,,,BD20,Bangladesh,,,,BD,21/05/23,,239.2658514,v03,en,,,,,23.5797482,90.99808648
Homna,,,,BD20190054,Cumilla,,,,BD2019,Chattogram,,,,BD20,Bangladesh,,,,BD,21/05/23,,124.144917,v03,en,,,,,23.68000235,90.81149876
Laksam,,,,BD20190072,Cumilla,,,,BD2019,Chattogram,,,,BD20,Bangladesh,,,,BD,21/05/23,,140.6030114,v03,en,,,,,23.23144364,91.10487647
Lalmai,,,,BD20190073,Cumilla,,,,BD2019,Chattogram,,,,BD20,Bangladesh,,,,BD,21/05/23,,120.0625044,v03,en,,,,,23.29766555,91.15944077
Manoharganj,,,,BD20190074,Cumilla,,,,BD2019,Chattogram,,,,BD20,Bangladesh,,,,BD,21/05/23,,163.3462963,v03,en,,,,,23.13846962,91.0667073
Meghna,,,,BD20190075,Cumilla,,,,BD2019,Chattogram,,,,BD20,Bangladesh,,,,BD,21/05/23,,110.0122931,v03,en,,,,,23.62583999,90.69021175
Muradnagar,,,,BD20190081,Cumilla,,,,BD2019,Chattogram,,,,BD20,Bangladesh,,,,BD,21/05/23,,341.7161684,v03,en,,,,,23.67809628,90.94281174
Nangalkot,,,,BD20190087,Cumilla,,,,BD2019,Chattogram,,,,BD20,Bangladesh,,,,BD,21/05/23,,235.2504747,v03,en,,,,,23.14025225,91.20909928
Sadar Dakkhin,,,,BD20190033,Cumilla,,,,BD2019,Chattogram,,,,BD20,Bangladesh,,,,BD,21/05/23,,112.6701197,v03,en,,,,,23.38833515,91.20221146
Titas,,,,BD20190094,Cumilla,,,,BD2019,Chattogram,,,,BD20,Bangladesh,,,,BD,21/05/23,,110.8202347,v03,en,,,,,23.59090553,90.79551033
Chhagalnaiya,,,,BD20300014,Feni,,,,BD2030,Chattogram,,,,BD20,Bangladesh,,,,BD,21/05/23,,135.0749833,v03,en,,,,,23.02016933,91.50651106
Daganbhuiyan,,,,BD20300025,Feni,,,,BD2030,Chattogram,,,,BD20,Bangladesh,,,,BD,21/05/23,,141.0772494,v03,en,,,,,22.97202602,91.29997117
Feni Sadar,,,,BD20300029,Feni,,,,BD2030,Chattogram,,,,BD20,Bangladesh,,,,BD,21/05/23,,214.2566117,v03,en,,,,,22.99071311,91.41585715
Fulgazi,,,,BD20300041,Feni,,,,BD2030,Chattogram,,,,BD20,Bangladesh,,,,BD,21/05/23,,102.9902716,v03,en,,,,,23.11846473,91.44164398
Parashuram,,,,BD20300051,Feni,,,,BD2030,Chattogram,,,,BD20,Bangladesh,,,,BD,21/05/23,,101.5076612,v03,en,,,,,23.20244186,91.43849193
Sonagazi,,,,BD20300094,Feni,,,,BD2030,Chattogram,,,,BD20,Bangladesh,,,,BD,21/05/23,,234.5710595,v03,en,,,,,22.85375019,91.396878
Dighinala,,,,BD20460043,Khagrachhari,,,,BD2046,Chattogram,,,,BD20,Bangladesh,,,,BD,21/05/23,,881.8924108,v03,en,,,,,23.41579635,92.05900408
Guimara,,,,BD20460047,Khagrachhari,,,,BD2046,Chattogram,,,,BD20,Bangladesh,,,,BD,21/05/23,,224.8512517,v03,en,,,,,22.95816063,91.92264133
Khagrachhari Sadar,,,,BD20460049,Khagrachhari,,,,BD2046,Chattogram,,,,BD20,Bangladesh,,,,BD,21/05/23,,271.3173154,v03,en,,,,,23.15840266,91.9983411
Lakkhichhari,,,,BD20460061,Khagrachhari,,,,BD2046,Chattogram,,,,BD20,Bangladesh,,,,BD,21/05/23,,210.7902923,v03,en,,,,,22.78361647,91.93107935
Mahalchhari,,,,BD20460065,Khagrachhari,,,,BD2046,Chattogram,,,,BD20,Bangladesh,,,,BD,21/05/23,,234.1126788,v03,en,,,,,22.9835062,92.04945547
Manikchhari,,,,BD20460067,Khagrachhari,,,,BD2046,Chattogram,,,,BD20,Bangladesh,,,,BD,21/05/23,,181.7181417,v03,en,,,,,22.85186911,91.8267801
Matiranga,,,,BD20460070,Khagrachhari,,,,BD2046,Chattogram,,,,BD20,Bangladesh,,,,BD,21/05/23,,491.03131,v03,en,,,,,23.16268454,91.85491132
Panchhari,,,,BD20460077,Khagrachhari,,,,BD2046,Chattogram,,,,BD20,Bangladesh,,,,BD,21/05/23,,333.3980804,v03,en,,,,,23.34218676,91.92458743
Ramgarh,,,,BD20460080,Khagrachhari,,,,BD2046,Chattogram,,,,BD20,Bangladesh,,,,BD,21/05/23,,148.6932248,v03,en,,,,,22.95403742,91.77612993
Kamalnagar,,,,BD20510033,Lakshmipur,,,,BD2051,Chattogram,,,,BD20,Bangladesh,,,,BD,21/05/23,,237.190306,v03,en,,,,,22.75743615,90.8537509
Lakshmipur Sadar,,,,BD20510043,Lakshmipur,,,,BD2051,Chattogram,,,,BD20,Bangladesh,,,,BD,21/05/23,,553.0207946,v03,en,,,,,22.91127372,90.84389751
Raipur,,,,BD20510058,Lakshmipur,,,,BD2051,Chattogram,,,,BD20,Bangladesh,,,,BD,21/05/23,,183.6205666,v03,en,,,,,23.00469424,90.73152598
Ramganj,,,,BD20510065,Lakshmipur,,,,BD2051,Chattogram,,,,BD20,Bangladesh,,,,BD,21/05/23,,169.4202035,v03,en,,,,,23.09675351,90.87272553
Ramgati,,,,BD20510073,Lakshmipur,,,,BD2051,Chattogram,,,,BD20,Bangladesh,,,,BD,21/05/23,,359.8570647,v03,en,,,,,22.62490396,90.92223747
Begumganj,,,,BD20750007,Noakhali,,,,BD2075,Chattogram,,,,BD20,Bangladesh,,,,BD,21/05/23,,237.2489716,v03,en,,,,,22.93091025,91.09425854
Chatkhil,,,,BD20750010,Noakhali,,,,BD2075,Chattogram,,,,BD20,Bangladesh,,,,BD,21/05/23,,137.6278444,v03,en,,,,,23.0533338,90.96372295
Companiganj,,,,BD20750021,Noakhali,,,,BD2075,Chattogram,,,,BD20,Bangladesh,,,,BD,21/05/23,,409.1235102,v03,en,,,,,22.75865966,91.30075882
Hatiya,,,,BD20750036,Noakhali,,,,BD2075,Chattogram,,,,BD20,Bangladesh,,,,BD,21/05/23,,1065.848807,v03,en,,,,,22.3481622,91.09140468
Kabirhat,,,,BD20750047,Noakhali,,,,BD2075,Chattogram,,,,BD20,Bangladesh,,,,BD,21/05/23,,136.6245847,v03,en,,,,,22.81087606,91.19933235
Noakhali Sadar,,,,BD20750087,Noakhali,,,,BD2075,Chattogram,,,,BD20,Bangladesh,,,,BD,21/05/23,,348.995811,v03,en,,,,,22.80832731,91.04870857
Senbag,,,,BD20750080,Noakhali,,,,BD2075,Chattogram,,,,BD20,Bangladesh,,,,BD,21/05/23,,165.8062509,v03,en,,,,,22.99063881,91.21267406
Sonaimuri,,,,BD20750083,Noakhali,,,,BD2075,Chattogram,,,,BD20,Bangladesh,,,,BD,21/05/23,,168.7861196,v03,en,,,,,23.0262944,91.07783166
Subarnachar,,,,BD20750085,Noakhali,,,,BD2075,Chattogram,,,,BD20,Bangladesh,,,,BD,21/05/23,,566.9380574,v03,en,,,,,22.61923455,91.15640167
Baghaichhari,,,,BD20840007,Rangamati,,,,BD2084,Chattogram,,,,BD20,Bangladesh,,,,BD,21/05/23,,1490.855351,v03,en,,,,,23.38280723,92.23714299
Barkal,,,,BD20840021,Rangamati,,,,BD2084,Chattogram,,,,BD20,Bangladesh,,,,BD,21/05/23,,665.794707,v03,en,,,,,22.83095905,92.34613321
Belaichhari,,,,BD20840029,Rangamati,,,,BD2084,Chattogram,,,,BD20,Bangladesh,,,,BD,21/05/23,,750.6778442,v03,en,,,,,22.2574125,92.48313972
Jurachhari,,,,BD20840047,Rangamati,,,,BD2084,Chattogram,,,,BD20,Bangladesh,,,,BD,21/05/23,,644.7005099,v03,en,,,,,22.55930901,92.45549633
Kaptai,,,,BD20840036,Rangamati,,,,BD2084,Chattogram,,,,BD20,Bangladesh,,,,BD,21/05/23,,252.5775873,v03,en,,,,,22.46236678,92.20166334
Kawkhali,,,,BD20840025,Rangamati,,,,BD2084,Chattogram,,,,BD20,Bangladesh,,,,BD,21/05/23,,237.9129192,v03,en,,,,,22.62348916,92.0122707
Langadu,,,,BD20840058,Rangamati,,,,BD2084,Chattogram,,,,BD20,Bangladesh,,,,BD,21/05/23,,494.2238704,v03,en,,,,,22.97008989,92.21665497
Naniarchar,,,,BD20840075,Rangamati,,,,BD2084,Chattogram,,,,BD20,Bangladesh,,,,BD,21/05/23,,336.5381183,v03,en,,,,,22.83365535,92.07263493
Rajasthali,,,,BD20840078,Rangamati,,,,BD2084,Chattogram,,,,BD20,Bangladesh,,,,BD,21/05/23,,148.2273567,v03,en,,,,,22.371584,92.2445794
Rangamati Sadar,,,,BD20840087,Rangamati,,,,BD2084,Chattogram,,,,BD20,Bangladesh,,,,BD,21/05/23,,621.7903816,v03,en,,,,,22.64512234,92.20136392
Dhamrai,,,,BD30260014,Dhaka,,,,BD3026,Dhaka,,,,BD30,Bangladesh,,,,BD,21/05/23,,305.3680357,v03,en,,,,,23.93897826,90.14080346
Dohar,,,,BD30260018,Dhaka,,,,BD3026,Dhaka,,,,BD30,Bangladesh,,,,BD,21/05/23,,142.7777703,v03,en,,,,,23.60157963,90.10840628
Keraniganj,,,,BD30260038,Dhaka,,,,BD3026,Dhaka,,,,BD30,Bangladesh,,,,BD,21/05/23,,183.8104902,v03,en,,,,,23.69433062,90.34365782
Nawabganj,,,,BD30260062,Dhaka,,,,BD3026,Dhaka,,,,BD30,Bangladesh,,,,BD,21/05/23,,248.1206357,v03,en,,,,,23.67242589,90.16080129
Savar,,,,BD30260072,Dhaka,,,,BD3026,Dhaka,,,,BD30,Bangladesh,,,,BD,21/05/23,,285.4792987,v03,en,,,,,23.87995122,90.28057123
Alfadanga,,,,BD30290003,Faridpur,,,,BD3029,Dhaka,,,,BD30,Bangladesh,,,,BD,21/05/23,,130.1345735,v03,en,,,,,23.29513493,89.67033006
Bhanga,,,,BD30290010,Faridpur,,,,BD3029,Dhaka,,,,BD30,Bangladesh,,,,BD,21/05/23,,218.4303162,v03,en,,,,,23.38910046,90.0100025
Boalmari,,,,BD30290018,Faridpur,,,,BD3029,Dhaka,,,,BD30,Bangladesh,,,,BD,21/05/23,,262.7949367,v03,en,,,,,23.39867627,89.69242212
Char Bhadrasan,,,,BD30290021,Faridpur,,,,BD3029,Dhaka,,,,BD30,Bangladesh,,,,BD,21/05/23,,136.9313174,v03,en,,,,,23.59005054,89.98012695
Faridpur Sadar,,,,BD30290047,Faridpur,,,,BD3029,Dhaka,,,,BD30,Bangladesh,,,,BD,21/05/23,,394.4088153,v03,en,,,,,23.5974305,89.81272444
Madhukhali,,,,BD30290056,Faridpur,,,,BD3029,Dhaka,,,,BD30,Bangladesh,,,,BD,21/05/23,,236.8530621,v03,en,,,,,23.54110013,89.61112757
Nagarkanda,,,,BD30290062,Faridpur,,,,BD3029,Dhaka,,,,BD30,Bangladesh,,,,BD,21/05/23,,193.9944158,v03,en,,,,,23.43433249,89.89562244
Sadarpur,,,,BD30290084,Faridpur,,,,BD3029,Dhaka,,,,BD30,Bangladesh,,,,BD,21/05/23,,274.0318515,v03,en,,,,,23.49841249,90.05092519
Saltha,,,,BD30290090,Faridpur,,,,BD3029,Dhaka,,,,BD30,Bangladesh,,,,BD,21/05/23,,190.0643444,v03,en,,,,,23.41804522,89.80078563
Gazipur Sadar,,,,BD30330030,Gazipur,,,,BD3033,Dhaka,,,,BD30,Bangladesh,,,,BD,21/05/23,,137.9890496,v03,en,,,,,24.08486105,90.42475588
Kaliakair,,,,BD30330032,Gazipur,,,,BD3033,Dhaka,,,,BD30,Bangladesh,,,,BD,21/05/23,,311.3946977,v03,en,,,,,24.10221402,90.26555217
Kaliganj,,,,BD30330034,Gazipur,,,,BD3033,Dhaka,,,,BD30,Bangladesh,,,,BD,21/05/23,,221.8649819,v03,en,,,,,23.96481774,90.55522821
Kapasia,,,,BD30330036,Gazipur,,,,BD3033,Dhaka,,,,BD30,Bangladesh,,,,BD,21/05/23,,361.828507,v03,en,,,,,24.14779535,90.60046014
Sreepur,,,,BD30330086,Gazipur,,,,BD3033,Dhaka,,,,BD30,Bangladesh,,,,BD,21/05/23,,462.035484,v03,en,,,,,24.20580898,90.44362975
Gopalganj Sadar,,,,BD30350032,Gopalganj,,,,BD3035,Dhaka,,,,BD30,Bangladesh,,,,BD,21/05/23,,383.2381951,v03,en,,,,,23.06056181,89.84767364
Kashiani,,,,BD30350043,Gopalganj,,,,BD3035,Dhaka,,,,BD30,Bangladesh,,,,BD,21/05/23,,291.5282437,v03,en,,,,,23.19131338,89.79519002
Kotalipara,,,,BD30350051,Gopalganj,,,,BD3035,Dhaka,,,,BD30,Bangladesh,,,,BD,21/05/23,,368.7575801,v03,en,,,,,23.01051938,90.02019937
Muksudpur,,,,BD30350058,Gopalganj,,,,BD3035,Dhaka,,,,BD30,Bangladesh,,,,BD,21/05/23,,310.9892168,v03,en,,,,,23.26614945,89.91575687
Tungipara,,,,BD30350091,Gopalganj,,,,BD3035,Dhaka,,,,BD30,Bangladesh,,,,BD,21/05/23,,131.3998313,v03,en,,,,,22.92359515,89.90223546
Austagram,,,,BD30480002,Kishoreganj,,,,BD3048,Dhaka,,,,BD30,Bangladesh,,,,BD,21/05/23,,303.0369234,v03,en,,,,,24.32358689,91.12249556
Bajitpur,,,,BD30480006,Kishoreganj,,,,BD3048,Dhaka,,,,BD30,Bangladesh,,,,BD,21/05/23,,188.6665001,v03,en,,,,,24.2266224,90.94846361
Bhairab,,,,BD30480011,Kishoreganj,,,,BD3048,Dhaka,,,,BD30,Bangladesh,,,,BD,21/05/23,,118.9032685,v03,en,,,,,24.10221109,90.98120406
Hossainpur,,,,BD30480027,Kishoreganj,,,,BD3048,Dhaka,,,,BD30,Bangladesh,,,,BD,21/05/23,,120.7822316,v03,en,,,,,24.44832765,90.66335442
Itna,,,,BD30480033,Kishoreganj,,,,BD3048,Dhaka,,,,BD30,Bangladesh,,,,BD,21/05/23,,390.1769796,v03,en,,,,,24.55093334,91.08404973
Karimganj,,,,BD30480042,Kishoreganj,,,,BD3048,Dhaka,,,,BD30,Bangladesh,,,,BD,21/05/23,,199.6515505,v03,en,,,,,24.45434037,90.89635343
Katiadi,,,,BD30480045,Kishoreganj,,,,BD3048,Dhaka,,,,BD30,Bangladesh,,,,BD,21/05/23,,215.6533383,v03,en,,,,,24.2952187,90.82084672
Kishoreganj Sadar,,,,BD30480049,Kishoreganj,,,,BD3048,Dhaka,,,,BD30,Bangladesh,,,,BD,21/05/23,,177.0730299,v03,en,,,,,24.42594991,90.78325593
Kuliarchar,,,,BD30480054,Kishoreganj,,,,BD3048,Dhaka,,,,BD30,Bangladesh,,,,BD,21/05/23,,105.0163513,v03,en,,,,,24.15311063,90.88661308
Mithamain,,,,BD30480059,Kishoreganj,,,,BD3048,Dhaka,,,,BD30,Bangladesh,,,,BD,21/05/23,,221.8661495,v03,en,,,,,24.43314857,91.11090071
Nikli,,,,BD30480076,Kishoreganj,,,,BD3048,Dhaka,,,,BD30,Bangladesh,,,,BD,21/05/23,,201.3116663,v03,en,,,,,24.33828073,90.96093837
Pakundia,,,,BD30480079,Kishoreganj,,,,BD3048,Dhaka,,,,BD30,Bangladesh,,,,BD,21/05/23,,176.0521681,v03,en,,,,,24.32148898,90.69366131
Tarail,,,,BD30480092,Kishoreganj,,,,BD3048,Dhaka,,,,BD30,Bangladesh,,,,BD,21/05/23,,144.8638739,v03,en,,,,,24.55087077,90.89053903
Dasar,,,,BD30540018,Madaripur,,,,BD3054,Dhaka,,,,BD30,Bangladesh,,,,BD,21/05/23,,78.73442357,v03,en,,,,,23.09203776,90.16068434
Kalkini,,,,BD30540040,Madaripur,,,,BD3054,Dhaka,,,,BD30,Bangladesh,,,,BD,21/05/23,,208.867512,v03,en,,,,,23.06702105,90.28068024
Madaripur Sadar,,,,BD30540054,Madaripur,,,,BD3054,Dhaka,,,,BD30,Bangladesh,,,,BD,21/05/23,,263.2538481,v03,en,,,,,23.19122006,90.17839699
Rajoir,,,,BD30540080,Madaripur,,,,BD3054,Dhaka,,,,BD30,Bangladesh,,,,BD,21/05/23,,236.6343595,v03,en,,,,,23.20208039,90.03856994
Shibchar,,,,BD30540087,Madaripur,,,,BD3054,Dhaka,,,,BD30,Bangladesh,,,,BD,21/05/23,,366.3599484,v03,en,,,,,23.37319972,90.17594971
Daulatpur,,,,BD30560010,Manikganj,,,,BD3056,Dhaka,,,,BD30,Bangladesh,,,,BD,21/05/23,,210.6058958,v03,en,,,,,23.95619414,89.79863832
Ghior,,,,BD30560022,Manikganj,,,,BD3056,Dhaka,,,,BD30,Bangladesh,,,,BD,21/05/23,,145.5764508,v03,en,,,,,23.87441371,89.90388194
Harirampur,,,,BD30560028,Manikganj,,,,BD3056,Dhaka,,,,BD30,Bangladesh,,,,BD,21/05/23,,263.4730764,v03,en,,,,,23.72066709,89.94587763
Manikganj Sadar,,,,BD30560046,Manikganj,,,,BD3056,Dhaka,,,,BD30,Bangladesh,,,,BD,21/05/23,,217.7605837,v03,en,,,,,23.83665517,90.02995338
Saturia,,,,BD30560070,Manikganj,,,,BD3056,Dhaka,,,,BD30,Bangladesh,,,,BD,21/05/23,,138.7025794,v03,en,,,,,23.95847921,90.00104205
Shibalay,,,,BD30560078,Manikganj,,,,BD3056,Dhaka,,,,BD30,Bangladesh,,,,BD,21/05/23,,198.9099856,v03,en,,,,,23.83837419,89.81082872
Singair,,,,BD30560082,Manikganj,,,,BD3056,Dhaka,,,,BD30,Bangladesh,,,,BD,21/05/23,,218.4471044,v03,en,,,,,23.78336259,90.15404116
Gazaria,,,,BD30590024,Munshiganj,,,,BD3059,Dhaka,,,,BD30,Bangladesh,,,,BD,21/05/23,,137.2901124,v03,en,,,,,23.54722572,90.62901939
Louhajang,,,,BD30590044,Munshiganj,,,,BD3059,Dhaka,,,,BD30,Bangladesh,,,,BD,21/05/23,,139.8459207,v03,en,,,,,23.46915976,90.34353188
Munshiganj Sadar,,,,BD30590056,Munshiganj,,,,BD3059,Dhaka,,,,BD30,Bangladesh,,,,BD,21/05/23,,162.3473833,v03,en,,,,,23.48746746,90.52607222
Sirajdikhan,,,,BD30590074,Munshiganj,,,,BD3059,Dhaka,,,,BD30,Bangladesh,,,,BD,21/05/23,,179.3555747,v03,en,,,,,23.59764523,90.35802481
Sreenagar,,,,BD30590084,Munshiganj,,,,BD3059,Dhaka,,,,BD30,Bangladesh,,,,BD,21/05/23,,201.0826269,v03,en,,,,,23.54637332,90.26358225
Tongibari,,,,BD30590094,Munshiganj,,,,BD3059,Dhaka,,,,BD30,Bangladesh,,,,BD,21/05/23,,113.6296984,v03,en,,,,,23.47479103,90.45275509
Araihazar,,,,BD30670002,Narayanganj,,,,BD3067,Dhaka,,,,BD30,Bangladesh,,,,BD,21/05/23,,179.1116804,v03,en,,,,,23.76432347,90.66936209
Bandar,,,,BD30670006,Narayanganj,,,,BD3067,Dhaka,,,,BD30,Bangladesh,,,,BD,21/05/23,,44.83640387,v03,en,,,,,23.64094241,90.54550603
Narayanganj Sadar,,,,BD30670058,Narayanganj,,,,BD3067,Dhaka,,,,BD30,Bangladesh,,,,BD,21/05/23,,68.64231869,v03,en,,,,,23.61270286,90.46967182
Rupganj,,,,BD30670068,Narayanganj,,,,BD3067,Dhaka,,,,BD30,Bangladesh,,,,BD,21/05/23,,184.8518226,v03,en,,,,,23.81242547,90.54002928
Sonargaon,,,,BD30670004,Narayanganj,,,,BD3067,Dhaka,,,,BD30,Bangladesh,,,,BD,21/05/23,,180.2058728,v03,en,,,,,23.67465419,90.59430133
Belabo,,,,BD30680007,Narsingdi,,,,BD3068,Dhaka,,,,BD30,Bangladesh,,,,BD,21/05/23,,120.2417371,v03,en,,,,,24.10145744,90.84873217
Manohardi,,,,BD30680052,Narsingdi,,,,BD3068,Dhaka,,,,BD30,Bangladesh,,,,BD,21/05/23,,194.0856232,v03,en,,,,,24.16079951,90.73076261
Narsingdi Sadar,,,,BD30680060,Narsingdi,,,,BD3068,Dhaka,,,,BD30,Bangladesh,,,,BD,21/05/23,,222.6354598,v03,en,,,,,23.86911891,90.70802254
Palash,,,,BD30680063,Narsingdi,,,,BD3068,Dhaka,,,,BD30,Bangladesh,,,,BD,21/05/23,,95.0068199,v03,en,,,,,23.95637032,90.64990826
Raipura,,,,BD30680064,Narsingdi,,,,BD3068,Dhaka,,,,BD30,Bangladesh,,,,BD,21/05/23,,322.0380105,v03,en,,,,,23.96194635,90.8720913
Shibpur,,,,BD30680076,Narsingdi,,,,BD3068,Dhaka,,,,BD30,Bangladesh,,,,BD,21/05/23,,209.251525,v03,en,,,,,24.02764768,90.74701282
Baliakandi,,,,BD30820007,Rajbari,,,,BD3082,Dhaka,,,,BD30,Bangladesh,,,,BD,21/05/23,,231.8826453,v03,en,,,,,23.65063781,89.55170229
Goalanda,,,,BD30820029,Rajbari,,,,BD3082,Dhaka,,,,BD30,Bangladesh,,,,BD,21/05/23,,145.3942619,v03,en,,,,,23.75575567,89.76518481
Kalukhali,,,,BD30820047,Rajbari,,,,BD3082,Dhaka,,,,BD30,Bangladesh,,,,BD,21/05/23,,169.7197041,v03,en,,,,,23.74188518,89.47527823
Pangsha,,,,BD30820073,Rajbari,,,,BD3082,Dhaka,,,,BD30,Bangladesh,,,,BD,21/05/23,,256.8171294,v03,en,,,,,23.78899188,89.38777563
Rajbari Sadar,,,,BD30820076,Rajbari,,,,BD3082,Dhaka,,,,BD30,Bangladesh,,,,BD,21/05/23,,325.8412166,v03,en,,,,,23.71718423,89.65606415
Bhedarganj,,,,BD30860014,Shariatpur,,,,BD3086,Dhaka,,,,BD30,Bangladesh,,,,BD,21/05/23,,278.383316,v03,en,,,,,23.24773906,90.51356683
Damudya,,,,BD30860025,Shariatpur,,,,BD3086,Dhaka,,,,BD30,Bangladesh,,,,BD,21/05/23,,98.25827133,v03,en,,,,,23.13989972,90.42264111
Gosairhat,,,,BD30860036,Shariatpur,,,,BD3086,Dhaka,,,,BD30,Bangladesh,,,,BD,21/05/23,,180.602501,v03,en,,,,,23.08167785,90.45694826
Naria,,,,BD30860065,Shariatpur,,,,BD3086,Dhaka,,,,BD30,Bangladesh,,,,BD,21/05/23,,230.5006629,v03,en,,,,,23.30575605,90.4276623
Shariatpur Sadar,,,,BD30860069,Shariatpur,,,,BD3086,Dhaka,,,,BD30,Bangladesh,,,,BD,21/05/23,,174.0256917,v03,en,,,,,23.21884243,90.31670125
Zajira,,,,BD30860094,Shariatpur,,,,BD3086,Dhaka,,,,BD30,Bangladesh,,,,BD,21/05/23,,240.7739702,v03,en,,,,,23.36558386,90.3236872
Basail,,,,BD30930009,Tangail,,,,BD3093,Dhaka,,,,BD30,Bangladesh,,,,BD,21/05/23,,156.6455247,v03,en,,,,,24.23384013,90.04024194
Bhuanpur,,,,BD30930019,Tangail,,,,BD3093,Dhaka,,,,BD30,Bangladesh,,,,BD,21/05/23,,228.5540429,v03,en,,,,,24.47720074,89.81588907
Delduar,,,,BD30930023,Tangail,,,,BD3093,Dhaka,,,,BD30,Bangladesh,,,,BD,21/05/23,,171.7782668,v03,en,,,,,24.14750937,89.93895701
Dhanbari,,,,BD30930025,Tangail,,,,BD3093,Dhaka,,,,BD30,Bangladesh,,,,BD,21/05/23,,135.8941801,v03,en,,,,,24.68753433,89.93350156
Ghatail,,,,BD30930028,Tangail,,,,BD3093,Dhaka,,,,BD30,Bangladesh,,,,BD,21/05/23,,453.0999032,v03,en,,,,,24.47370046,90.05304586
Gopalpur,,,,BD30930038,Tangail,,,,BD3093,Dhaka,,,,BD30,Bangladesh,,,,BD,21/05/23,,192.5966454,v03,en,,,,,24.57241619,89.90181619
Kalihati,,,,BD30930047,Tangail,,,,BD3093,Dhaka,,,,BD30,Bangladesh,,,,BD,21/05/23,,299.6764677,v03,en,,,,,24.3596877,89.94673602
Madhupur,,,,BD30930057,Tangail,,,,BD3093,Dhaka,,,,BD30,Bangladesh,,,,BD,21/05/23,,374.5164694,v03,en,,,,,24.65012904,90.06228115
Mirzapur,,,,BD30930066,Tangail,,,,BD3093,Dhaka,,,,BD30,Bangladesh,,,,BD,21/05/23,,370.2203047,v03,en,,,,,24.11805874,90.10720089
Nagarpur,,,,BD30930076,Tangail,,,,BD3093,Dhaka,,,,BD30,Bangladesh,,,,BD,21/05/23,,256.4414607,v03,en,,,,,24.05062667,89.87547056
Sakhipur,,,,BD30930085,Tangail,,,,BD3093,Dhaka,,,,BD30,Bangladesh,,,,BD,21/05/23,,435.0508301,v03,en,,,,,24.30626157,90.1748612
Tangail Sadar,,,,BD30930095,Tangail,,,,BD3093,Dhaka,,,,BD30,Bangladesh,,,,BD,21/05/23,,298.1882725,v03,en,,,,,24.25962298,89.86705123
Bagerhat Sadar,,,,BD40010008,Bagerhat,,,,BD4001,Khulna,,,,BD40,Bangladesh,,,,BD,21/05/23,,315.4442319,v03,en,,,,,22.6761286,89.76267481
Chitalmari,,,,BD40010014,Bagerhat,,,,BD4001,Khulna,,,,BD40,Bangladesh,,,,BD,21/05/23,,194.3353404,v03,en,,,,,22.81113978,89.86525389
Fakirhat,,,,BD40010034,Bagerhat,,,,BD4001,Khulna,,,,BD40,Bangladesh,,,,BD,21/05/23,,159.2239625,v03,en,,,,,22.74261933,89.66610277
Kachua,,,,BD40010038,Bagerhat,,,,BD4001,Khulna,,,,BD40,Bangladesh,,,,BD,21/05/23,,125.0360078,v03,en,,,,,22.65213817,89.87394519
Mollahat,,,,BD40010056,Bagerhat,,,,BD4001,Khulna,,,,BD40,Bangladesh,,,,BD,21/05/23,,180.7625273,v03,en,,,,,22.8841779,89.77298864
Mongla,,,,BD40010058,Bagerhat,,,,BD4001,Khulna,,,,BD40,Bangladesh,,,,BD,21/05/23,,1467.321298,v03,en,,,,,22.11653738,89.65966488
Morelganj,,,,BD40010060,Bagerhat,,,,BD4001,Khulna,,,,BD40,Bangladesh,,,,BD,21/05/23,,442.7464268,v03,en,,,,,22.48332119,89.83422475
Rampal,,,,BD40010073,Bagerhat,,,,BD4001,Khulna,,,,BD40,Bangladesh,,,,BD,21/05/23,,277.6834289,v03,en,,,,,22.59031343,89.65135819
Sharankhola,,,,BD40010077,Bagerhat,,,,BD4001,Khulna,,,,BD40,Bangladesh,,,,BD,21/05/23,,909.9225134,v03,en,,,,,22.06308526,89.82172027
Alamdanga,,,,BD40180007,Chuadanga,,,,BD4018,Khulna,,,,BD40,Bangladesh,,,,BD,21/05/23,,366.0275484,v03,en,,,,,23.72952308,88.90824581
Chuadanga Sadar,,,,BD40180023,Chuadanga,,,,BD4018,Khulna,,,,BD40,Bangladesh,,,,BD,21/05/23,,296.3880878,v03,en,,,,,23.58945721,88.88544829
Damurhuda,,,,BD40180031,Chuadanga,,,,BD4018,Khulna,,,,BD40,Bangladesh,,,,BD,21/05/23,,304.0364348,v03,en,,,,,23.59201621,88.73978174
Jibannagar,,,,BD40180055,Chuadanga,,,,BD4018,Khulna,,,,BD40,Bangladesh,,,,BD,21/05/23,,199.7324237,v03,en,,,,,23.44297578,88.85026481
Abhaynagar,,,,BD40410004,Jashore,,,,BD4041,Khulna,,,,BD40,Bangladesh,,,,BD,21/05/23,,245.7453157,v03,en,,,,,23.01770386,89.41968215
Bagharpara,,,,BD40410009,Jashore,,,,BD4041,Khulna,,,,BD40,Bangladesh,,,,BD,21/05/23,,272.8557869,v03,en,,,,,23.24253049,89.3353901
Chaugachha,,,,BD40410011,Jashore,,,,BD4041,Khulna,,,,BD40,Bangladesh,,,,BD,21/05/23,,271.7718717,v03,en,,,,,23.26325264,89.02328652
Jashore Sadar,,,,BD40410047,Jashore,,,,BD4041,Khulna,,,,BD40,Bangladesh,,,,BD,21/05/23,,436.6544883,v03,en,,,,,23.18247843,89.21885642
Jhikargachha,,,,BD40410023,Jashore,,,,BD4041,Khulna,,,,BD40,Bangladesh,,,,BD,21/05/23,,307.1850899,v03,en,,,,,23.06873072,89.05428478
Keshabpur,,,,BD40410038,Jashore,,,,BD4041,Khulna,,,,BD40,Bangladesh,,,,BD,21/05/23,,256.7925675,v03,en,,,,,22.88037398,89.23152615
Manirampur,,,,BD40410061,Jashore,,,,BD4041,Khulna,,,,BD40,Bangladesh,,,,BD,21/05/23,,444.8418493,v03,en,,,,,23.00645606,89.21986148
Sharsha,,,,BD40410090,Jashore,,,,BD4041,Khulna,,,,BD40,Bangladesh,,,,BD,21/05/23,,340.5709419,v03,en,,,,,23.04479212,88.94109704
Harinakundu,,,,BD40440014,Jhenaidah,,,,BD4044,Khulna,,,,BD40,Bangladesh,,,,BD,21/05/23,,228.659355,v03,en,,,,,23.64350865,89.07686969
Jhenaidah Sadar,,,,BD40440019,Jhenaidah,,,,BD4044,Khulna,,,,BD40,Bangladesh,,,,BD,21/05/23,,466.9267688,v03,en,,,,,23.51638682,89.15753517
Kaliganj,,,,BD40440033,Jhenaidah,,,,BD4044,Khulna,,,,BD40,Bangladesh,,,,BD,21/05/23,,309.6733071,v03,en,,,,,23.36959471,89.15233514
Kotchandpur,,,,BD40440042,Jhenaidah,,,,BD4044,Khulna,,,,BD40,Bangladesh,,,,BD,21/05/23,,164.3589029,v03,en,,,,,23.44497008,89.00141696
Maheshpur,,,,BD40440071,Jhenaidah,,,,BD4044,Khulna,,,,BD40,Bangladesh,,,,BD,21/05/23,,419.7584499,v03,en,,,,,23.32017163,88.85970006
Shailkupa,,,,BD40440080,Jhenaidah,,,,BD4044,Khulna,,,,BD40,Bangladesh,,,,BD,21/05/23,,376.1309532,v03,en,,,,,23.66362143,89.24261925
Batiaghata,,,,BD40470012,Khulna,,,,BD4047,Khulna,,,,BD40,Bangladesh,,,,BD,21/05/23,,237.3837799,v03,en,,,,,22.71333993,89.51491534
Dacope,,,,BD40470017,Khulna,,,,BD4047,Khulna,,,,BD40,Bangladesh,,,,BD,21/05/23,,1103.689603,v03,en,,,,,22.24203107,89.52637642
Dighalia,,,,BD40470040,Khulna,,,,BD4047,Khulna,,,,BD40,Bangladesh,,,,BD,21/05/23,,86.28562664,v03,en,,,,,22.92151447,89.55377852
Dumuria,,,,BD40470030,Khulna,,,,BD4047,Khulna,,,,BD40,Bangladesh,,,,BD,21/05/23,,456.1330366,v03,en,,,,,22.80576338,89.39802703
Koyra,,,,BD40470053,Khulna,,,,BD4047,Khulna,,,,BD40,Bangladesh,,,,BD,21/05/23,,1762.951474,v03,en,,,,,22.07788302,89.3950567
Paikgachha,,,,BD40470064,Khulna,,,,BD4047,Khulna,,,,BD40,Bangladesh,,,,BD,21/05/23,,378.3288298,v03,en,,,,,22.59006747,89.34020164
Phultala,,,,BD40470069,Khulna,,,,BD4047,Khulna,,,,BD40,Bangladesh,,,,BD,21/05/23,,76.81250969,v03,en,,,,,22.94830901,89.45416809
Rupsa,,,,BD40470075,Khulna,,,,BD4047,Khulna,,,,BD40,Bangladesh,,,,BD,21/05/23,,119.614468,v03,en,,,,,22.81922745,89.63623389
Terokhada,,,,BD40470094,Khulna,,,,BD4047,Khulna,,,,BD40,Bangladesh,,,,BD,21/05/23,,189.4474286,v03,en,,,,,22.91397441,89.65512323
Bheramara,,,,BD40500015,Kushtia,,,,BD4050,Khulna,,,,BD40,Bangladesh,,,,BD,21/05/23,,151.1562272,v03,en,,,,,24.0562809,88.98115536
Daulatpur,,,,BD40500039,Kushtia,,,,BD4050,Khulna,,,,BD40,Bangladesh,,,,BD,21/05/23,,483.7217299,v03,en,,,,,24.03425965,88.83553965
Khoksa,,,,BD40500063,Kushtia,,,,BD4050,Khulna,,,,BD40,Bangladesh,,,,BD,21/05/23,,106.5806718,v03,en,,,,,23.8108428,89.30040417
Kumarkhali,,,,BD40500071,Kushtia,,,,BD4050,Khulna,,,,BD40,Bangladesh,,,,BD,21/05/23,,267.9374238,v03,en,,,,,23.85817582,89.21033767
Kushtia Sadar,,,,BD40500079,Kushtia,,,,BD4050,Khulna,,,,BD40,Bangladesh,,,,BD,21/05/23,,319.721773,v03,en,,,,,23.82447726,89.08978509
Mirpur,,,,BD40500094,Kushtia,,,,BD4050,Khulna,,,,BD40,Bangladesh,,,,BD,21/05/23,,310.1361806,v03,en,,,,,23.89715846,88.98617202
Magura Sadar,,,,BD40550057,Magura,,,,BD4055,Khulna,,,,BD40,Bangladesh,,,,BD,21/05/23,,401.6147009,v03,en,,,,,23.45188316,89.41242724
Mohammadpur,,,,BD40550066,Magura,,,,BD4055,Khulna,,,,BD40,Bangladesh,,,,BD,21/05/23,,226.4176447,v03,en,,,,,23.40009353,89.55069065
Shalikha,,,,BD40550085,Magura,,,,BD4055,Khulna,,,,BD40,Bangladesh,,,,BD,21/05/23,,229.2098077,v03,en,,,,,23.34769219,89.35926814
Sreepur,,,,BD40550095,Magura,,,,BD4055,Khulna,,,,BD40,Bangladesh,,,,BD,21/05/23,,185.0984316,v03,en,,,,,23.59766202,89.42412163
Gangni,,,,BD40570047,Meherpur,,,,BD4057,Khulna,,,,BD40,Bangladesh,,,,BD,21/05/23,,340.3501268,v03,en,,,,,23.85742395,88.77069557
Meherpur Sadar,,,,BD40570087,Meherpur,,,,BD4057,Khulna,,,,BD40,Bangladesh,,,,BD,21/05/23,,264.0542605,v03,en,,,,,23.7652793,88.6614059
Mujibnagar,,,,BD40570060,Meherpur,,,,BD4057,Khulna,,,,BD40,Bangladesh,,,,BD,21/05/23,,113.9330238,v03,en,,,,,23.66804173,88.62066855
Kalia,,,,BD40650028,Narail,,,,BD4065,Khulna,,,,BD40,Bangladesh,,,,BD,21/05/23,,300.7593974,v03,en,,,,,23.02924849,89.64163082
Lohagara,,,,BD40650052,Narail,,,,BD4065,Khulna,,,,BD40,Bangladesh,,,,BD,21/05/23,,292.2336603,v03,en,,,,,23.20424901,89.6241797
Narail Sadar,,,,BD40650076,Narail,,,,BD4065,Khulna,,,,BD40,Bangladesh,,,,BD,21/05/23,,390.9485302,v03,en,,,,,23.15493941,89.49509628
Ashashuni,,,,BD40870004,Satkhira,,,,BD4087,Khulna,,,,BD40,Bangladesh,,,,BD,21/05/23,,378.4648572,v03,en,,,,,22.51924727,89.18743219
Debhata,,,,BD40870025,Satkhira,,,,BD4087,Khulna,,,,BD40,Bangladesh,,,,BD,21/05/23,,173.4595876,v03,en,,,,,22.5965225,89.01346306
Kalaroa,,,,BD40870043,Satkhira,,,,BD4087,Khulna,,,,BD40,Bangladesh,,,,BD,21/05/23,,233.449956,v03,en,,,,,22.88034049,89.03019097
Kaliganj,,,,BD40870047,Satkhira,,,,BD4087,Khulna,,,,BD40,Bangladesh,,,,BD,21/05/23,,330.1093675,v03,en,,,,,22.44743606,89.06238055
Satkhira Sadar,,,,BD40870082,Satkhira,,,,BD4087,Khulna,,,,BD40,Bangladesh,,,,BD,21/05/23,,399.5503534,v03,en,,,,,22.72028952,89.03826939
Shyamnagar,,,,BD40870086,Satkhira,,,,BD4087,Khulna,,,,BD40,Bangladesh,,,,BD,21/05/23,,2109.413378,v03,en,,,,,22.01217711,89.18060186
Tala,,,,BD40870090,Satkhira,,,,BD4087,Khulna,,,,BD40,Bangladesh,,,,BD,21/05/23,,338.5522968,v03,en,,,,,22.73989638,89.21059096
Adamdighi,,,,BD50100006,Bogura,,,,BD5010,Rajshahi,,,,BD50,Bangladesh,,,,BD,21/05/23,,170.618966,v03,en,,,,,24.80008982,89.05968137
Bogura Sadar,,,,BD50100020,Bogura,,,,BD5010,Rajshahi,,,,BD50,Bangladesh,,,,BD,21/05/23,,178.0873641,v03,en,,,,,24.89539917,89.35605547
Dhunat,,,,BD50100027,Bogura,,,,BD5010,Rajshahi,,,,BD50,Bangladesh,,,,BD,21/05/23,,251.8938668,v03,en,,,,,24.68260297,89.55015673
Dupchachia,,,,BD50100033,Bogura,,,,BD5010,Rajshahi,,,,BD50,Bangladesh,,,,BD,21/05/23,,165.4813629,v03,en,,,,,24.88236608,89.13984044
Gabtali,,,,BD50100040,Bogura,,,,BD5010,Rajshahi,,,,BD50,Bangladesh,,,,BD,21/05/23,,244.0112737,v03,en,,,,,24.8872405,89.46482964
Kahaloo,,,,BD50100054,Bogura,,,,BD5010,Rajshahi,,,,BD50,Bangladesh,,,,BD,21/05/23,,237.7926269,v03,en,,,,,24.83250864,89.25142354
Nandigram,,,,BD50100067,Bogura,,,,BD5010,Rajshahi,,,,BD50,Bangladesh,,,,BD,21/05/23,,271.9774827,v03,en,,,,,24.68118488,89.22715695
Sariakandi,,,,BD50100081,Bogura,,,,BD5010,Rajshahi,,,,BD50,Bangladesh,,,,BD,21/05/23,,416.2944937,v03,en,,,,,24.8789082,89.61656334
Shajahanpur,,,,BD50100085,Bogura,,,,BD5010,Rajshahi,,,,BD50,Bangladesh,,,,BD,21/05/23,,221.3087664,v03,en,,,,,24.76021686,89.3755597
Sherpur,,,,BD50100088,Bogura,,,,BD5010,Rajshahi,,,,BD50,Bangladesh,,,,BD,21/05/23,,297.0016024,v03,en,,,,,24.62867573,89.42257132
Shibganj,,,,BD50100094,Bogura,,,,BD5010,Rajshahi,,,,BD50,Bangladesh,,,,BD,21/05/23,,315.6779337,v03,en,,,,,25.01683461,89.30649345
Sonatala,,,,BD50100095,Bogura,,,,BD5010,Rajshahi,,,,BD50,Bangladesh,,,,BD,21/05/23,,159.9820421,v03,en,,,,,24.99736498,89.51417967
Bholahat,,,,BD50700018,Chapainababganj,,,,BD5070,Rajshahi,,,,BD50,Bangladesh,,,,BD,21/05/23,,123.44103,v03,en,,,,,24.89721664,88.20949302
Chapainawabganj Sadar,,,,BD50700066,Chapainababganj,,,,BD5070,Rajshahi,,,,BD50,Bangladesh,,,,BD,21/05/23,,438.2682894,v03,en,,,,,24.56534241,88.25806499
Gomastapur,,,,BD50700037,Chapainababganj,,,,BD5070,Rajshahi,,,,BD50,Bangladesh,,,,BD,21/05/23,,318.8131455,v03,en,,,,,24.85857325,88.35544732
Nachole,,,,BD50700056,Chapainababganj,,,,BD5070,Rajshahi,,,,BD50,Bangladesh,,,,BD,21/05/23,,283.2610993,v03,en,,,,,24.72706303,88.3963179
Shibganj,,,,BD50700088,Chapainababganj,,,,BD5070,Rajshahi,,,,BD50,Bangladesh,,,,BD,21/05/23,,525.5937762,v03,en,,,,,24.70501636,88.1548792
Akkelpur,,,,BD50380013,Joypurhat,,,,BD5038,Rajshahi,,,,BD50,Bangladesh,,,,BD,21/05/23,,140.4705733,v03,en,,,,,24.93348532,89.04202677
Joypurhat Sadar,,,,BD50380047,Joypurhat,,,,BD5038,Rajshahi,,,,BD50,Bangladesh,,,,BD,21/05/23,,236.3221586,v03,en,,,,,25.10765486,89.02145393
Kalai,,,,BD50380058,Joypurhat,,,,BD5038,Rajshahi,,,,BD50,Bangladesh,,,,BD,21/05/23,,166.0603103,v03,en,,,,,25.07808103,89.19883986
Khetlal,,,,BD50380061,Joypurhat,,,,BD5038,Rajshahi,,,,BD50,Bangladesh,,,,BD,21/05/23,,143.3294172,v03,en,,,,,25.02338997,89.11766883
Panchbibi,,,,BD50380074,Joypurhat,,,,BD5038,Rajshahi,,,,BD50,Bangladesh,,,,BD,21/05/23,,279.6837005,v03,en,,,,,25.20498364,89.07186488
Atrai,,,,BD50640003,Naogaon,,,,BD5064,Rajshahi,,,,BD50,Bangladesh,,,,BD,21/05/23,,262.3187084,v03,en,,,,,24.62478302,88.98907491
Badalgachhi,,,,BD50640006,Naogaon,,,,BD5064,Rajshahi,,,,BD50,Bangladesh,,,,BD,21/05/23,,212.1920093,v03,en,,,,,24.96745176,88.94253758
Dhamoirhat,,,,BD50640028,Naogaon,,,,BD5064,Rajshahi,,,,BD50,Bangladesh,,,,BD,21/05/23,,301.794523,v03,en,,,,,25.13051337,88.82415793
Mahadebpur,,,,BD50640050,Naogaon,,,,BD5064,Rajshahi,,,,BD50,Bangladesh,,,,BD,21/05/23,,391.9353069,v03,en,,,,,24.9218421,88.76365987
Manda,,,,BD50640047,Naogaon,,,,BD5064,Rajshahi,,,,BD50,Bangladesh,,,,BD,21/05/23,,413.7391616,v03,en,,,,,24.74630479,88.71198704
Naogaon Sadar,,,,BD50640060,Naogaon,,,,BD5064,Rajshahi,,,,BD50,Bangladesh,,,,BD,21/05/23,,277.2485424,v03,en,,,,,24.81201412,88.89803358
Niamatpur,,,,BD50640069,Naogaon,,,,BD5064,Rajshahi,,,,BD50,Bangladesh,,,,BD,21/05/23,,450.496609,v03,en,,,,,24.83045479,88.55021021
Patnitala,,,,BD50640075,Naogaon,,,,BD5064,Rajshahi,,,,BD50,Bangladesh,,,,BD,21/05/23,,379.6604398,v03,en,,,,,25.07753255,88.71459304
Porsha,,,,BD50640079,Naogaon,,,,BD5064,Rajshahi,,,,BD50,Bangladesh,,,,BD,21/05/23,,258.6538142,v03,en,,,,,24.99497575,88.51736573
Raninagar,,,,BD50640085,Naogaon,,,,BD5064,Rajshahi,,,,BD50,Bangladesh,,,,BD,21/05/23,,246.5712364,v03,en,,,,,24.71172597,89.02014859
Sapahar,,,,BD50640086,Naogaon,,,,BD5064,Rajshahi,,,,BD50,Bangladesh,,,,BD,21/05/23,,244.1925929,v03,en,,,,,25.11935869,88.53071648
Bagatipara,,,,BD50690009,Natore,,,,BD5069,Rajshahi,,,,BD50,Bangladesh,,,,BD,21/05/23,,139.2595279,v03,en,,,,,24.31324989,88.94790182
Baraigram,,,,BD50690015,Natore,,,,BD5069,Rajshahi,,,,BD50,Bangladesh,,,,BD,21/05/23,,307.6549641,v03,en,,,,,24.27323686,89.14997336
Gurudaspur,,,,BD50690041,Natore,,,,BD5069,Rajshahi,,,,BD50,Bangladesh,,,,BD,21/05/23,,200.5829697,v03,en,,,,,24.37372702,89.20538766
Lalpur,,,,BD50690044,Natore,,,,BD5069,Rajshahi,,,,BD50,Bangladesh,,,,BD,21/05/23,,323.1757366,v03,en,,,,,24.1997875,88.98571935
Naldanga,,,,BD50690055,Natore,,,,BD5069,Rajshahi,,,,BD50,Bangladesh,,,,BD,21/05/23,,175.5730805,v03,en,,,,,24.50600164,88.97560756
Natore Sadar,,,,BD50690063,Natore,,,,BD5069,Rajshahi,,,,BD50,Bangladesh,,,,BD,21/05/23,,229.3622341,v03,en,,,,,24.39709793,88.98996421
Singra,,,,BD50690091,Natore,,,,BD5069,Rajshahi,,,,BD50,Bangladesh,,,,BD,21/05/23,,529.3726014,v03,en,,,,,24.52440832,89.18430739
Atgharia,,,,BD50760005,Pabna,,,,BD5076,Rajshahi,,,,BD50,Bangladesh,,,,BD,21/05/23,,181.9392182,v03,en,,,,,24.10741607,89.28274572
Bera,,,,BD50760016,Pabna,,,,BD5076,Rajshahi,,,,BD50,Bangladesh,,,,BD,21/05/23,,266.8933824,v03,en,,,,,23.94251893,89.65718472
Bhangura,,,,BD50760019,Pabna,,,,BD5076,Rajshahi,,,,BD50,Bangladesh,,,,BD,21/05/23,,134.7528081,v03,en,,,,,24.23892741,89.39638738
Chatmohar,,,,BD50760022,Pabna,,,,BD5076,Rajshahi,,,,BD50,Bangladesh,,,,BD,21/05/23,,305.4193511,v03,en,,,,,24.22410244,89.30321873
Faridpur,,,,BD50760033,Pabna,,,,BD5076,Rajshahi,,,,BD50,Bangladesh,,,,BD,21/05/23,,139.772564,v03,en,,,,,24.15813002,89.44947783
Ishwardi,,,,BD50760039,Pabna,,,,BD5076,Rajshahi,,,,BD50,Bangladesh,,,,BD,21/05/23,,269.1991014,v03,en,,,,,24.08017137,89.09433764
Pabna Sadar,,,,BD50760055,Pabna,,,,BD5076,Rajshahi,,,,BD50,Bangladesh,,,,BD,21/05/23,,429.9916191,v03,en,,,,,23.99489442,89.28112247
Santhia,,,,BD50760072,Pabna,,,,BD5076,Rajshahi,,,,BD50,Bangladesh,,,,BD,21/05/23,,330.7486704,v03,en,,,,,24.04342759,89.51589956
Sujanagar,,,,BD50760083,Pabna,,,,BD5076,Rajshahi,,,,BD50,Bangladesh,,,,BD,21/05/23,,333.1101585,v03,en,,,,,23.89782952,89.51401384
Bagha,,,,BD50810010,Rajshahi,,,,BD5081,Rajshahi,,,,BD50,Bangladesh,,,,BD,21/05/23,,185.678263,v03,en,,,,,24.20594533,88.833999
Bagmara,,,,BD50810012,Rajshahi,,,,BD5081,Rajshahi,,,,BD50,Bangladesh,,,,BD,21/05/23,,366.1510196,v03,en,,,,,24.59364101,88.80923132
Charghat,,,,BD50810025,Rajshahi,,,,BD5081,Rajshahi,,,,BD50,Bangladesh,,,,BD,21/05/23,,174.427283,v03,en,,,,,24.30119249,88.77510723
Durgapur,,,,BD50810031,Rajshahi,,,,BD5081,Rajshahi,,,,BD50,Bangladesh,,,,BD,21/05/23,,199.5210398,v03,en,,,,,24.46827737,88.76089517
Godagari,,,,BD50810034,Rajshahi,,,,BD5081,Rajshahi,,,,BD50,Bangladesh,,,,BD,21/05/23,,489.9728087,v03,en,,,,,24.48314948,88.41492417
Mohanpur,,,,BD50810053,Rajshahi,,,,BD5081,Rajshahi,,,,BD50,Bangladesh,,,,BD,21/05/23,,161.8745052,v03,en,,,,,24.55475052,88.64078614
Paba,,,,BD50810072,Rajshahi,,,,BD5081,Rajshahi,,,,BD50,Bangladesh,,,,BD,21/05/23,,305.283178,v03,en,,,,,24.33813369,88.59074395
Puthia,,,,BD50810082,Rajshahi,,,,BD5081,Rajshahi,,,,BD50,Bangladesh,,,,BD,21/05/23,,196.0706296,v03,en,,,,,24.41148732,88.82735743
Tanore,,,,BD50810094,Rajshahi,,,,BD5081,Rajshahi,,,,BD50,Bangladesh,,,,BD,21/05/23,,297.1527513,v03,en,,,,,24.61985872,88.53090746
Belkuchi,,,,BD50880011,Sirajganj,,,,BD5088,Rajshahi,,,,BD50,Bangladesh,,,,BD,21/05/23,,164.4953556,v03,en,,,,,24.29793,89.70147902
Chouhali,,,,BD50880027,Sirajganj,,,,BD5088,Rajshahi,,,,BD50,Bangladesh,,,,BD,21/05/23,,253.4318778,v03,en,,,,,24.13944642,89.75743944
Kamarkhanda,,,,BD50880044,Sirajganj,,,,BD5088,Rajshahi,,,,BD50,Bangladesh,,,,BD,21/05/23,,92.06618734,v03,en,,,,,24.37750815,89.64226021
Kazipur,,,,BD50880050,Sirajganj,,,,BD5088,Rajshahi,,,,BD50,Bangladesh,,,,BD,21/05/23,,372.4074672,v03,en,,,,,24.67158952,89.68890716
Rayganj,,,,BD50880061,Sirajganj,,,,BD5088,Rajshahi,,,,BD50,Bangladesh,,,,BD,21/05/23,,264.9767108,v03,en,,,,,24.49221055,89.51526376
Shahjadpur,,,,BD50880067,Sirajganj,,,,BD5088,Rajshahi,,,,BD50,Bangladesh,,,,BD,21/05/23,,324.6215816,v03,en,,,,,24.16297216,89.63072075
Sirajganj Sadar,,,,BD50880078,Sirajganj,,,,BD5088,Rajshahi,,,,BD50,Bangladesh,,,,BD,21/05/23,,325.4910094,v03,en,,,,,24.4942697,89.68960995
Tarash,,,,BD50880089,Sirajganj,,,,BD5088,Rajshahi,,,,BD50,Bangladesh,,,,BD,21/05/23,,300.1027885,v03,en,,,,,24.44537456,89.35780269
Ullapara,,,,BD50880094,Sirajganj,,,,BD5088,Rajshahi,,,,BD50,Bangladesh,,,,BD,21/05/23,,414.2783633,v03,en,,,,,24.32784904,89.51823326
Amtali,,,,BD10040009,Barguna,,,,BD1004,Barishal,,,,BD10,Bangladesh,,,,BD,21/05/23,,309.9071504,v03,en,,,,,22.14650328,90.27003676
Bamna,,,,BD10040019,Barguna,,,,BD1004,Barishal,,,,BD10,Bangladesh,,,,BD,21/05/23,,99.623109,v03,en,,,,,22.27232966,90.05729578
Barguna Sadar,,,,BD10040028,Barguna,,,,BD1004,Barishal,,,,BD10,Bangladesh,,,,BD,21/05/23,,376.7983118,v03,en,,,,,22.12684969,90.10169624
Betagi,,,,BD10040047,Barguna,,,,BD1004,Barishal,,,,BD10,Bangladesh,,,,BD,21/05/23,,168.6063807,v03,en,,,,,22.34818523,90.14935951
Patharghata,,,,BD10040085,Barguna,,,,BD1004,Barishal,,,,BD10,Bangladesh,,,,BD,21/05/23,,299.0684997,v03,en,,,,,22.08967959,89.95942885
Taltali,,,,BD10040090,Barguna,,,,BD1004,Barishal,,,,BD10,Bangladesh,,,,BD,21/05/23,,280.9582173,v03,en,,,,,21.96759531,90.10058791
Agailjhara,,,,BD10060002,Barishal,,,,BD1006,Barishal,,,,BD10,Bangladesh,,,,BD,21/05/23,,158.245619,v03,en,,,,,22.9676431,90.14047232
Babuganj,,,,BD10060003,Barishal,,,,BD1006,Barishal,,,,BD10,Bangladesh,,,,BD,21/05/23,,161.466869,v03,en,,,,,22.82461621,90.31272617
Bakerganj,,,,BD10060007,Barishal,,,,BD1006,Barishal,,,,BD10,Bangladesh,,,,BD,21/05/23,,404.0196797,v03,en,,,,,22.55478164,90.39007461
Banaripara,,,,BD10060010,Barishal,,,,BD1006,Barishal,,,,BD10,Bangladesh,,,,BD,21/05/23,,134.0818511,v03,en,,,,,22.81118715,90.12916707
Barishal Sadar (Kotwali),,,,BD10060051,Barishal,,,,BD1006,Barishal,,,,BD10,Bangladesh,,,,BD,21/05/23,,242.8532963,v03,en,,,,,22.71481106,90.40960035
Gaurnadi,,,,BD10060032,Barishal,,,,BD1006,Barishal,,,,BD10,Bangladesh,,,,BD,21/05/23,,147.9003903,v03,en,,,,,22.96981456,90.24285253
Hijla,,,,BD10060036,Barishal,,,,BD1006,Barishal,,,,BD10,Bangladesh,,,,BD,21/05/23,,363.3391776,v03,en,,,,,22.9628024,90.55182414
Mehendiganj,,,,BD10060062,Barishal,,,,BD1006,Barishal,,,,BD10,Bangladesh,,,,BD,21/05/23,,406.650511,v03,en,,,,,22.81597145,90.51901486
Muladi,,,,BD10060069,Barishal,,,,BD1006,Barishal,,,,BD10,Bangladesh,,,,BD,21/05/23,,229.7925164,v03,en,,,,,22.95514912,90.37599974
Ujirpur,,,,BD10060094,Barishal,,,,BD1006,Barishal,,,,BD10,Bangladesh,,,,BD,21/05/23,,246.5661778,v03,en,,,,,22.86574877,90.16497331
Bhola Sadar,,,,BD10090018,Bhola,,,,BD1009,Barishal,,,,BD10,Bangladesh,,,,BD,21/05/23,,435.5336893,v03,en,,,,,22.70723511,90.6305403
Borhanuddin,,,,BD10090021,Bhola,,,,BD1009,Barishal,,,,BD10,Bangladesh,,,,BD,21/05/23,,286.8003872,v03,en,,,,,22.48540881,90.71537999
Charfasson,,,,BD10090025,Bhola,,,,BD1009,Barishal,,,,BD10,Bangladesh,,,,BD,21/05/23,,1221.700811,v03,en,,,,,22.04486186,90.72459883
Daulatkhan,,,,BD10090029,Bhola,,,,BD1009,Barishal,,,,BD10,Bangladesh,,,,BD,21/05/23,,306.55457,v03,en,,,,,22.6420874,90.74547893
Lalmohan,,,,BD10090054,Bhola,,,,BD1009,Barishal,,,,BD10,Bangladesh,,,,BD,21/05/23,,381.9154574,v03,en,,,,,22.30234352,90.77136962
Monpura,,,,BD10090065,Bhola,,,,BD1009,Barishal,,,,BD10,Bangladesh,,,,BD,21/05/23,,513.2332937,v03,en,,,,,22.22216484,90.94308102
Tazumuddin,,,,BD10090091,Bhola,,,,BD1009,Barishal,,,,BD10,Bangladesh,,,,BD,21/05/23,,325.9247274,v03,en,,,,,22.45254839,90.85981809
Jhalokathi Sadar,,,,BD10420040,Jhalokati,,,,BD1042,Barishal,,,,BD10,Bangladesh,,,,BD,21/05/23,,203.9791903,v03,en,,,,,22.67977942,90.19275327
Kanthalia,,,,BD10420043,Jhalokati,,,,BD1042,Barishal,,,,BD10,Bangladesh,,,,BD,21/05/23,,158.6135493,v03,en,,,,,22.41941257,90.10206117
Nalchhity,,,,BD10420073,Jhalokati,,,,BD1042,Barishal,,,,BD10,Bangladesh,,,,BD,21/05/23,,209.466916,v03,en,,,,,22.6010276,90.27149045
Rajapur,,,,BD10420084,Jhalokati,,,,BD1042,Barishal,,,,BD10,Bangladesh,,,,BD,21/05/23,,163.6454936,v03,en,,,,,22.54965797,90.13094414
Bauphal,,,,BD10780038,Patuakhali,,,,BD1078,Barishal,,,,BD10,Bangladesh,,,,BD,21/05/23,,487.663989,v03,en,,,,,22.43734658,90.54648458
Dashmina,,,,BD10780052,Patuakhali,,,,BD1078,Barishal,,,,BD10,Bangladesh,,,,BD,21/05/23,,301.3823519,v03,en,,,,,22.25076067,90.55428617
Dumki,,,,BD10780055,Patuakhali,,,,BD1078,Barishal,,,,BD10,Bangladesh,,,,BD,21/05/23,,94.39920657,v03,en,,,,,22.44825458,90.37305019
Galachipa,,,,BD10780057,Patuakhali,,,,BD1078,Barishal,,,,BD10,Bangladesh,,,,BD,21/05/23,,528.0562766,v03,en,,,,,22.14780512,90.46051826
Kalapara,,,,BD10780066,Patuakhali,,,,BD1078,Barishal,,,,BD10,Bangladesh,,,,BD,21/05/23,,490.6633756,v03,en,,,,,21.93370908,90.22168667
Mirzaganj,,,,BD10780076,Patuakhali,,,,BD1078,Barishal,,,,BD10,Bangladesh,,,,BD,21/05/23,,176.4448417,v03,en,,,,,22.35550943,90.21740561
Patuakhali Sadar,,,,BD10780095,Patuakhali,,,,BD1078,Barishal,,,,BD10,Bangladesh,,,,BD,21/05/23,,366.0199556,v03,en,,,,,22.33453254,90.32931509
Rangabali,,,,BD10780097,Patuakhali,,,,BD1078,Barishal,,,,BD10,Bangladesh,,,,BD,21/05/23,,680.4038615,v03,en,,,,,21.93161968,90.43046083
Bhandaria,,,,BD10790014,Pirojpur,,,,BD1079,Barishal,,,,BD10,Bangladesh,,,,BD,21/05/23,,165.8052963,v03,en,,,,,22.45182375,90.01974753
Indurkani,,,,BD10790090,Pirojpur,,,,BD1079,Barishal,,,,BD10,Bangladesh,,,,BD,21/05/23,,100.4990614,v03,en,,,,,22.46620998,89.96524888
Kawkhali,,,,BD10790047,Pirojpur,,,,BD1079,Barishal,,,,BD10,Bangladesh,,,,BD,21/05/23,,80.56512392,v03,en,,,,,22.60625111,90.05726044
Mathbaria,,,,BD10790058,Pirojpur,,,,BD1079,Barishal,,,,BD10,Bangladesh,,,,BD,21/05/23,,351.6869946,v03,en,,,,,22.2829089,89.94927971
Nazirpur,,,,BD10790076,Pirojpur,,,,BD1079,Barishal,,,,BD10,Bangladesh,,,,BD,21/05/23,,227.9252141,v03,en,,,,,22.76993652,89.97482465
Nesarabad (Swarupkathi),,,,BD10790087,Pirojpur,,,,BD1079,Barishal,,,,BD10,Bangladesh,,,,BD,21/05/23,,182.567806,v03,en,,,,,22.72142509,90.08564362
Pirojpur Sadar,,,,BD10790080,Pirojpur,,,,BD1079,Barishal,,,,BD10,Bangladesh,,,,BD,21/05/23,,163.6420643,v03,en,,,,,22.60920201,89.97934666
Bakshiganj,,,,BD45390007,Jamalpur,,,,BD4539,Mymensingh,,,,BD45,Bangladesh,,,,BD,21/05/23,,205.6656545,v03,en,,,,,25.2144324,89.85216642
Dewanganj,,,,BD45390015,Jamalpur,,,,BD4539,Mymensingh,,,,BD45,Bangladesh,,,,BD,21/05/23,,261.2784237,v03,en,,,,,25.2679709,89.76630949
Islampur,,,,BD45390029,Jamalpur,,,,BD4539,Mymensingh,,,,BD45,Bangladesh,,,,BD,21/05/23,,342.2320164,v03,en,,,,,25.07564439,89.76306354
Jamalpur Sadar,,,,BD45390036,Jamalpur,,,,BD4539,Mymensingh,,,,BD45,Bangladesh,,,,BD,21/05/23,,488.8069671,v03,en,,,,,24.84275893,90.01524092
Madarganj,,,,BD45390058,Jamalpur,,,,BD4539,Mymensingh,,,,BD45,Bangladesh,,,,BD,21/05/23,,223.6095973,v03,en,,,,,24.88510913,89.74178896
Melandaha,,,,BD45390061,Jamalpur,,,,BD4539,Mymensingh,,,,BD45,Bangladesh,,,,BD,21/05/23,,268.6707907,v03,en,,,,,24.95599302,89.82798691
Sarishabari,,,,BD45390085,Jamalpur,,,,BD4539,Mymensingh,,,,BD45,Bangladesh,,,,BD,21/05/23,,261.6038869,v03,en,,,,,24.72155439,89.83061407
Bhaluka,,,,BD45610013,Mymensingh,,,,BD4561,Mymensingh,,,,BD45,Bangladesh,,,,BD,21/05/23,,446.5488863,v03,en,,,,,24.38161662,90.35390162
Dhobaura,,,,BD45610016,Mymensingh,,,,BD4561,Mymensingh,,,,BD45,Bangladesh,,,,BD,21/05/23,,257.3303347,v03,en,,,,,25.10122351,90.52558027
Fulbaria,,,,BD45610020,Mymensingh,,,,BD4561,Mymensingh,,,,BD45,Bangladesh,,,,BD,21/05/23,,396.5533581,v03,en,,,,,24.58684471,90.25615763
Fulpur,,,,BD45610081,Mymensingh,,,,BD4561,Mymensingh,,,,BD45,Bangladesh,,,,BD,21/05/23,,284.8308411,v03,en,,,,,24.95293883,90.35294374
Gafargaon,,,,BD45610022,Mymensingh,,,,BD4561,Mymensingh,,,,BD45,Bangladesh,,,,BD,21/05/23,,397.4656106,v03,en,,,,,24.39365628,90.54992728
Gouripur,,,,BD45610023,Mymensingh,,,,BD4561,Mymensingh,,,,BD45,Bangladesh,,,,BD,21/05/23,,282.9141873,v03,en,,,,,24.75653851,90.58614903
Haluaghat,,,,BD45610024,Mymensingh,,,,BD4561,Mymensingh,,,,BD45,Bangladesh,,,,BD,21/05/23,,349.4944139,v03,en,,,,,25.08413627,90.35208288
Ishwarganj,,,,BD45610031,Mymensingh,,,,BD4561,Mymensingh,,,,BD45,Bangladesh,,,,BD,21/05/23,,278.1810367,v03,en,,,,,24.64475383,90.59950915
Muktagachha,,,,BD45610065,Mymensingh,,,,BD4561,Mymensingh,,,,BD45,Bangladesh,,,,BD,21/05/23,,313.5555359,v03,en,,,,,24.74426562,90.20554409
Mymensingh Sadar,,,,BD45610052,Mymensingh,,,,BD4561,Mymensingh,,,,BD45,Bangladesh,,,,BD,21/05/23,,282.341788,v03,en,,,,,24.84613696,90.26415422
Nandail,,,,BD45610072,Mymensingh,,,,BD4561,Mymensingh,,,,BD45,Bangladesh,,,,BD,21/05/23,,327.1642164,v03,en,,,,,24.54947402,90.67677784
Tarakanda,,,,BD45610088,Mymensingh,,,,BD4561,Mymensingh,,,,BD45,Bangladesh,,,,BD,21/05/23,,281.0010454,v03,en,,,,,24.86413144,90.46339735
Trishal,,,,BD45610094,Mymensingh,,,,BD4561,Mymensingh,,,,BD45,Bangladesh,,,,BD,21/05/23,,336.1382122,v03,en,,,,,24.56370418,90.41044074
Atpara,,,,BD45720004,Netrakona,,,,BD4572,Mymensingh,,,,BD45,Bangladesh,,,,BD,21/05/23,,193.7560988,v03,en,,,,,24.79395945,90.87706885
Barhatta,,,,BD45720009,Netrakona,,,,BD4572,Mymensingh,,,,BD45,Bangladesh,,,,BD,21/05/23,,221.172062,v03,en,,,,,24.92234073,90.88506443
Durgapur,,,,BD45720018,Netrakona,,,,BD4572,Mymensingh,,,,BD45,Bangladesh,,,,BD,21/05/23,,277.2294325,v03,en,,,,,25.0890702,90.6833433
Kalmakanda,,,,BD45720040,Netrakona,,,,BD4572,Mymensingh,,,,BD45,Bangladesh,,,,BD,21/05/23,,383.7095039,v03,en,,,,,25.07759048,90.85761154
Kendua,,,,BD45720047,Netrakona,,,,BD4572,Mymensingh,,,,BD45,Bangladesh,,,,BD,21/05/23,,311.1989948,v03,en,,,,,24.67804297,90.80216919
Khaliajuri,,,,BD45720038,Netrakona,,,,BD4572,Mymensingh,,,,BD45,Bangladesh,,,,BD,21/05/23,,292.7221781,v03,en,,,,,24.70497783,91.12181656
Madan,,,,BD45720056,Netrakona,,,,BD4572,Mymensingh,,,,BD45,Bangladesh,,,,BD,21/05/23,,226.3241148,v03,en,,,,,24.67829123,90.96698729
Mohanganj,,,,BD45720063,Netrakona,,,,BD4572,Mymensingh,,,,BD45,Bangladesh,,,,BD,21/05/23,,242.2820941,v03,en,,,,,24.827911,91.02336058
Netrakona Sadar,,,,BD45720074,Netrakona,,,,BD4572,Mymensingh,,,,BD45,Bangladesh,,,,BD,21/05/23,,334.5973221,v03,en,,,,,24.88718661,90.73811233
Purbadhala,,,,BD45720083,Netrakona,,,,BD4572,Mymensingh,,,,BD45,Bangladesh,,,,BD,21/05/23,,317.1287065,v03,en,,,,,24.93402036,90.60294175
Jhenaigati,,,,BD45890037,Sherpur,,,,BD4589,Mymensingh,,,,BD45,Bangladesh,,,,BD,21/05/23,,203.4217148,v03,en,,,,,25.18241144,90.05414329
Nakla,,,,BD45890067,Sherpur,,,,BD4589,Mymensingh,,,,BD45,Bangladesh,,,,BD,21/05/23,,171.1843532,v03,en,,,,,24.95798125,90.18478482
Nalitabari,,,,BD45890070,Sherpur,,,,BD4589,Mymensingh,,,,BD45,Bangladesh,,,,BD,21/05/23,,333.4256622,v03,en,,,,,25.11729884,90.18440043
Sherpur Sadar,,,,BD45890088,Sherpur,,,,BD4589,Mymensingh,,,,BD45,Bangladesh,,,,BD,21/05/23,,351.4673862,v03,en,,,,,24.99084023,90.02163529
Sreebardi,,,,BD45890090,Sherpur,,,,BD4589,Mymensingh,,,,BD45,Bangladesh,,,,BD,21/05/23,,268.4915442,v03,en,,,,,25.16484943,89.95713439
Birampur,,,,BD55270010,Dinajpur,,,,BD5527,Rangpur,,,,BD55,Bangladesh,,,,BD,21/05/23,,214.2785762,v03,en,,,,,25.3799376,88.96340196
Birganj,,,,BD55270012,Dinajpur,,,,BD5527,Rangpur,,,,BD55,Bangladesh,,,,BD,21/05/23,,414.682537,v03,en,,,,,25.92942183,88.62578221
Birol,,,,BD55270017,Dinajpur,,,,BD5527,Rangpur,,,,BD55,Bangladesh,,,,BD,21/05/23,,350.9479117,v03,en,,,,,25.6468912,88.54722616
Bochaganj,,,,BD55270021,Dinajpur,,,,BD5527,Rangpur,,,,BD55,Bangladesh,,,,BD,21/05/23,,223.1947952,v03,en,,,,,25.786215,88.45332443
Chirirbandar,,,,BD55270030,Dinajpur,,,,BD5527,Rangpur,,,,BD55,Bangladesh,,,,BD,21/05/23,,315.5876671,v03,en,,,,,25.666732,88.78325675
Dinajpur Sadar,,,,BD55270064,Dinajpur,,,,BD5527,Rangpur,,,,BD55,Bangladesh,,,,BD,21/05/23,,355.4119855,v03,en,,,,,25.60820914,88.67571762
Fulbari,,,,BD55270038,Dinajpur,,,,BD5527,Rangpur,,,,BD55,Bangladesh,,,,BD,21/05/23,,233.3928127,v03,en,,,,,25.47137881,88.90073652
Ghoraghat,,,,BD55270043,Dinajpur,,,,BD5527,Rangpur,,,,BD55,Bangladesh,,,,BD,21/05/23,,152.5786763,v03,en,,,,,25.28733313,89.21475129
Hakimpur,,,,BD55270047,Dinajpur,,,,BD5527,Rangpur,,,,BD55,Bangladesh,,,,BD,21/05/23,,101.1758299,v03,en,,,,,25.29276704,89.06120429
Kaharole,,,,BD55270056,Dinajpur,,,,BD5527,Rangpur,,,,BD55,Bangladesh,,,,BD,21/05/23,,205.7591841,v03,en,,,,,25.80245749,88.5985003
Khansama,,,,BD55270060,Dinajpur,,,,BD5527,Rangpur,,,,BD55,Bangladesh,,,,BD,21/05/23,,179.8780951,v03,en,,,,,25.87170113,88.76460004
Nababganj,,,,BD55270069,Dinajpur,,,,BD5527,Rangpur,,,,BD55,Bangladesh,,,,BD,21/05/23,,316.7139751,v03,en,,,,,25.42088957,89.09055668
Parbatipur,,,,BD55270077,Dinajpur,,,,BD5527,Rangpur,,,,BD55,Bangladesh,,,,BD,21/05/23,,396.5130118,v03,en,,,,,25.61976841,88.92296933
Fulchhari,,,,BD55320021,Gaibandha,,,,BD5532,Rangpur,,,,BD55,Bangladesh,,,,BD,21/05/23,,310.6678538,v03,en,,,,,25.25378546,89.65325858
Gaibandha Sadar,,,,BD55320024,Gaibandha,,,,BD5532,Rangpur,,,,BD55,Bangladesh,,,,BD,21/05/23,,324.3168289,v03,en,,,,,25.35001584,89.56561501
Gobindaganj,,,,BD55320030,Gaibandha,,,,BD5532,Rangpur,,,,BD55,Bangladesh,,,,BD,21/05/23,,461.6457676,v03,en,,,,,25.15773216,89.36972742
Palashbari,,,,BD55320067,Gaibandha,,,,BD5532,Rangpur,,,,BD55,Bangladesh,,,,BD,21/05/23,,185.5276414,v03,en,,,,,25.26506469,89.39175132
Sadullapur,,,,BD55320082,Gaibandha,,,,BD5532,Rangpur,,,,BD55,Bangladesh,,,,BD,21/05/23,,228.6004414,v03,en,,,,,25.39485471,89.42568996
Saghata,,,,BD55320088,Gaibandha,,,,BD5532,Rangpur,,,,BD55,Bangladesh,,,,BD,21/05/23,,233.3574153,v03,en,,,,,25.1251917,89.56345058
Sundarganj,,,,BD55320091,Gaibandha,,,,BD5532,Rangpur,,,,BD55,Bangladesh,,,,BD,21/05/23,,406.3825448,v03,en,,,,,25.51016336,89.56182562
Bhurungamari,,,,BD55490006,Kurigram,,,,BD5549,Rangpur,,,,BD55,Bangladesh,,,,BD,21/05/23,,230.3507924,v03,en,,,,,26.11552584,89.69340888
Chilmari,,,,BD55490009,Kurigram,,,,BD5549,Rangpur,,,,BD55,Bangladesh,,,,BD,21/05/23,,243.6170154,v03,en,,,,,25.56393785,89.71820959
Kurigram Sadar,,,,BD55490052,Kurigram,,,,BD5549,Rangpur,,,,BD55,Bangladesh,,,,BD,21/05/23,,274.0507701,v03,en,,,,,25.82725828,89.69146386
Nageshwari,,,,BD55490061,Kurigram,,,,BD5549,Rangpur,,,,BD55,Bangladesh,,,,BD,21/05/23,,416.2703733,v03,en,,,,,25.95992217,89.73954435
Phulbari,,,,BD55490018,Kurigram,,,,BD5549,Rangpur,,,,BD55,Bangladesh,,,,BD,21/05/23,,160.9443184,v03,en,,,,,25.94768997,89.571724
Rajarhat,,,,BD55490077,Kurigram,,,,BD5549,Rangpur,,,,BD55,Bangladesh,,,,BD,21/05/23,,163.2879297,v03,en,,,,,25.78741372,89.54159745
Rajibpur,,,,BD55490008,Kurigram,,,,BD5549,Rangpur,,,,BD55,Bangladesh,,,,BD,21/05/23,,113.6941098,v03,en,,,,,25.44429196,89.76420813
Roumari,,,,BD55490079,Kurigram,,,,BD5549,Rangpur,,,,BD55,Bangladesh,,,,BD,21/05/23,,200.2337635,v03,en,,,,,25.59306707,89.82808122
Ulipur,,,,BD55490094,Kurigram,,,,BD5549,Rangpur,,,,BD55,Bangladesh,,,,BD,21/05/23,,465.1378402,v03,en,,,,,25.68970821,89.66873442
Aditmari,,,,BD55520002,Lalmonirhat,,,,BD5552,Rangpur,,,,BD55,Bangladesh,,,,BD,21/05/23,,189.7205292,v03,en,,,,,25.94295908,89.36819323
Hatibandha,,,,BD55520033,Lalmonirhat,,,,BD5552,Rangpur,,,,BD55,Bangladesh,,,,BD,21/05/23,,286.5232106,v03,en,,,,,26.12026719,89.1436277
Kaliganj,,,,BD55520039,Lalmonirhat,,,,BD5552,Rangpur,,,,BD55,Bangladesh,,,,BD,21/05/23,,237.6085902,v03,en,,,,,25.98561274,89.24170563
Lalmonirhat Sadar,,,,BD55520055,Lalmonirhat,,,,BD5552,Rangpur,,,,BD55,Bangladesh,,,,BD,21/05/23,,262.5299186,v03,en,,,,,25.87870187,89.4533625
Patgram,,,,BD55520070,Lalmonirhat,,,,BD5552,Rangpur,,,,BD55,Bangladesh,,,,BD,21/05/23,,259.3344664,v03,en,,,,,26.34342513,89.01951962
Dimla,,,,BD55730012,Nilphamari,,,,BD5573,Rangpur,,,,BD55,Bangladesh,,,,BD,21/05/23,,333.1256171,v03,en,,,,,26.17310954,88.9738563
Domar,,,,BD55730015,Nilphamari,,,,BD5573,Rangpur,,,,BD55,Bangladesh,,,,BD,21/05/23,,251.3681973,v03,en,,,,,26.15958625,88.82543146
Jaldhaka,,,,BD55730036,Nilphamari,,,,BD5573,Rangpur,,,,BD55,Bangladesh,,,,BD,21/05/23,,308.0718922,v03,en,,,,,26.03119206,88.99362175
Kishoreganj,,,,BD55730045,Nilphamari,,,,BD5573,Rangpur,,,,BD55,Bangladesh,,,,BD,21/05/23,,208.1837365,v03,en,,,,,25.89799915,89.03314087
Nilphamari Sadar,,,,BD55730064,Nilphamari,,,,BD5573,Rangpur,,,,BD55,Bangladesh,,,,BD,21/05/23,,373.8195398,v03,en,,,,,25.94204608,88.85474141
Saidpur,,,,BD55730085,Nilphamari,,,,BD5573,Rangpur,,,,BD55,Bangladesh,,,,BD,21/05/23,,121.7042374,v03,en,,,,,25.80367107,88.92050498
Atowari,,,,BD55770004,Panchagarh,,,,BD5577,Rangpur,,,,BD55,Bangladesh,,,,BD,21/05/23,,208.2015746,v03,en,,,,,26.25081731,88.42459873
Boda,,,,BD55770025,Panchagarh,,,,BD5577,Rangpur,,,,BD55,Bangladesh,,,,BD,21/05/23,,338.6274591,v03,en,,,,,26.23502554,88.61881927
Debiganj,,,,BD55770034,Panchagarh,,,,BD5577,Rangpur,,,,BD55,Bangladesh,,,,BD,21/05/23,,303.7020455,v03,en,,,,,26.12695233,88.7173732
Panchagarh Sadar,,,,BD55770073,Panchagarh,,,,BD5577,Rangpur,,,,BD55,Bangladesh,,,,BD,21/05/23,,362.7126578,v03,en,,,,,26.36478029,88.591095
Tentulia,,,,BD55770090,Panchagarh,,,,BD5577,Rangpur,,,,BD55,Bangladesh,,,,BD,21/05/23,,190.5900025,v03,en,,,,,26.51251074,88.43057717
Badarganj,,,,BD55850003,Rangpur,,,,BD5585,Rangpur,,,,BD55,Bangladesh,,,,BD,21/05/23,,301.2941439,v03,en,,,,,25.66776884,89.05492385
Gangachara,,,,BD55850027,Rangpur,,,,BD5585,Rangpur,,,,BD55,Bangladesh,,,,BD,21/05/23,,245.0446727,v03,en,,,,,25.88015073,89.20096031
Kaunia,,,,BD55850042,Rangpur,,,,BD5585,Rangpur,,,,BD55,Bangladesh,,,,BD,21/05/23,,148.0126447,v03,en,,,,,25.76638064,89.39371603
Mithapukur,,,,BD55850058,Rangpur,,,,BD5585,Rangpur,,,,BD55,Bangladesh,,,,BD,21/05/23,,518.0949245,v03,en,,,,,25.57212022,89.26091919
Pirgachha,,,,BD55850073,Rangpur,,,,BD5585,Rangpur,,,,BD55,Bangladesh,,,,BD,21/05/23,,264.305075,v03,en,,,,,25.66502233,89.422271
Pirganj,,,,BD55850076,Rangpur,,,,BD5585,Rangpur,,,,BD55,Bangladesh,,,,BD,21/05/23,,411.9744911,v03,en,,,,,25.42579893,89.27470198
Rangpur Sadar,,,,BD55850049,Rangpur,,,,BD5585,Rangpur,,,,BD55,Bangladesh,,,,BD,21/05/23,,137.9133044,v03,en,,,,,25.75121974,89.15060773
Taraganj,,,,BD55850092,Rangpur,,,,BD5585,Rangpur,,,,BD55,Bangladesh,,,,BD,21/05/23,,129.1689173,v03,en,,,,,25.78336557,89.03331225
Baliadangi,,,,BD55940008,Thakurgaon,,,,BD5594,Rangpur,,,,BD55,Bangladesh,,,,BD,21/05/23,,280.3527402,v03,en,,,,,26.10819674,88.2634769
Haripur,,,,BD55940051,Thakurgaon,,,,BD5594,Rangpur,,,,BD55,Bangladesh,,,,BD,21/05/23,,200.0552609,v03,en,,,,,25.87881874,88.15452214
Pirganj,,,,BD55940082,Thakurgaon,,,,BD5594,Rangpur,,,,BD55,Bangladesh,,,,BD,21/05/23,,353.6330329,v03,en,,,,,25.84245298,88.36790187
Ranishankail,,,,BD55940086,Thakurgaon,,,,BD5594,Rangpur,,,,BD55,Bangladesh,,,,BD,21/05/23,,291.0239968,v03,en,,,,,25.94076753,88.24587287
Thakurgaon Sadar,,,,BD55940094,Thakurgaon,,,,BD5594,Rangpur,,,,BD55,Bangladesh,,,,BD,21/05/23,,680.55992,v03,en,,,,,26.07173216,88.46375411
Ajmiriganj,,,,BD60360002,Habiganj,,,,BD6036,Sylhet,,,,BD60,Bangladesh,,,,BD,21/05/23,,179.5917332,v03,en,,,,,24.55351135,91.28139364
Bahubal,,,,BD60360005,Habiganj,,,,BD6036,Sylhet,,,,BD60,Bangladesh,,,,BD,21/05/23,,263.7759897,v03,en,,,,,24.36138845,91.54463994
Baniachong,,,,BD60360011,Habiganj,,,,BD6036,Sylhet,,,,BD60,Bangladesh,,,,BD,21/05/23,,514.1114011,v03,en,,,,,24.49883031,91.36685634
Chunarughat,,,,BD60360026,Habiganj,,,,BD6036,Sylhet,,,,BD60,Bangladesh,,,,BD,21/05/23,,504.0493345,v03,en,,,,,24.18000387,91.51582163
Habiganj Sadar,,,,BD60360044,Habiganj,,,,BD6036,Sylhet,,,,BD60,Bangladesh,,,,BD,21/05/23,,188.6012061,v03,en,,,,,24.35093059,91.41578016
Lakhai,,,,BD60360068,Habiganj,,,,BD6036,Sylhet,,,,BD60,Bangladesh,,,,BD,21/05/23,,191.1646621,v03,en,,,,,24.29851486,91.26089226
Madhabpur,,,,BD60360071,Habiganj,,,,BD6036,Sylhet,,,,BD60,Bangladesh,,,,BD,21/05/23,,280.4598223,v03,en,,,,,24.12035765,91.33739435
Nabiganj,,,,BD60360077,Habiganj,,,,BD6036,Sylhet,,,,BD60,Bangladesh,,,,BD,21/05/23,,441.48532,v03,en,,,,,24.57071941,91.54818498
Shayestaganj,,,,BD60360087,Habiganj,,,,BD6036,Sylhet,,,,BD60,Bangladesh,,,,BD,21/05/23,,47.4579069,v03,en,,,,,24.27497717,91.40681882
Baralekha,,,,BD60580014,Moulvibazar,,,,BD6058,Sylhet,,,,BD60,Bangladesh,,,,BD,21/05/23,,384.4601943,v03,en,,,,,24.70854578,92.17635211
Juri,,,,BD60580035,Moulvibazar,,,,BD6058,Sylhet,,,,BD60,Bangladesh,,,,BD,21/05/23,,245.2314674,v03,en,,,,,24.55392188,92.14517559
Kamalganj,,,,BD60580056,Moulvibazar,,,,BD6058,Sylhet,,,,BD60,Bangladesh,,,,BD,21/05/23,,417.210654,v03,en,,,,,24.31685165,91.86015204
Kulaura,,,,BD60580065,Moulvibazar,,,,BD6058,Sylhet,,,,BD60,Bangladesh,,,,BD,21/05/23,,502.4984411,v03,en,,,,,24.48996524,92.01511303
Moulvibazar Sadar,,,,BD60580074,Moulvibazar,,,,BD6058,Sylhet,,,,BD60,Bangladesh,,,,BD,21/05/23,,345.2958259,v03,en,,,,,24.4993968,91.71316807
Rajnagar,,,,BD60580080,Moulvibazar,,,,BD6058,Sylhet,,,,BD60,Bangladesh,,,,BD,21/05/23,,347.2540841,v03,en,,,,,24.56522658,91.86352334
Sreemangal,,,,BD60580083,Moulvibazar,,,,BD6058,Sylhet,,,,BD60,Bangladesh,,,,BD,21/05/23,,431.5583528,v03,en,,,,,24.30220515,91.69901682
Bishwambharpur,,,,BD60900018,Sunamganj,,,,BD6090,Sylhet,,,,BD60,Bangladesh,,,,BD,21/05/23,,190.001244,v03,en,,,,,25.10888415,91.31523834
Chhatak,,,,BD60900023,Sunamganj,,,,BD6090,Sylhet,,,,BD60,Bangladesh,,,,BD,21/05/23,,438.9862808,v03,en,,,,,24.94892153,91.61454158
Derai,,,,BD60900029,Sunamganj,,,,BD6090,Sylhet,,,,BD60,Bangladesh,,,,BD,21/05/23,,399.0744426,v03,en,,,,,24.78742253,91.33608142
Dharmapasha,,,,BD60900032,Sunamganj,,,,BD6090,Sylhet,,,,BD60,Bangladesh,,,,BD,21/05/23,,273.9749847,v03,en,,,,,24.9442515,91.0637998
Dowarabazar,,,,BD60900033,Sunamganj,,,,BD6090,Sylhet,,,,BD60,Bangladesh,,,,BD,21/05/23,,274.8149244,v03,en,,,,,25.07164732,91.56119491
Jagannathpur,,,,BD60900047,Sunamganj,,,,BD6090,Sylhet,,,,BD60,Bangladesh,,,,BD,21/05/23,,368.6204096,v03,en,,,,,24.75016803,91.55672295
Jamalganj,,,,BD60900050,Sunamganj,,,,BD6090,Sylhet,,,,BD60,Bangladesh,,,,BD,21/05/23,,334.3963007,v03,en,,,,,24.95589373,91.20325709
Madhyanagar,,,,BD60900063,Sunamganj,,,,BD6090,Sylhet,,,,BD60,Bangladesh,,,,BD,21/05/23,,227.528396,v03,en,,,,,25.09020205,91.0132659
Shalla,,,,BD60900086,Sunamganj,,,,BD6090,Sylhet,,,,BD60,Bangladesh,,,,BD,21/05/23,,258.1238666,v03,en,,,,,24.68747144,91.25886283
Shantiganj,,,,BD60900087,Sunamganj,,,,BD6090,Sylhet,,,,BD60,Bangladesh,,,,BD,21/05/23,,311.5133196,v03,en,,,,,24.9123799,91.40777623
Sunamganj Sadar,,,,BD60900089,Sunamganj,,,,BD6090,Sylhet,,,,BD60,Bangladesh,,,,BD,21/05/23,,276.4898426,v03,en,,,,,25.0538758,91.39998186
Tahirpur,,,,BD60900092,Sunamganj,,,,BD6090,Sylhet,,,,BD60,Bangladesh,,,,BD,21/05/23,,313.3322501,v03,en,,,,,25.12901357,91.16369632
Balaganj,,,,BD60910008,Sylhet,,,,BD6091,Sylhet,,,,BD60,Bangladesh,,,,BD,21/05/23,,170.6470838,v03,en,,,,,24.68865059,91.82992075
Beanibazar,,,,BD60910017,Sylhet,,,,BD6091,Sylhet,,,,BD60,Bangladesh,,,,BD,21/05/23,,246.4823892,v03,en,,,,,24.84934837,92.15957094
Bishwanath,,,,BD60910020,Sylhet,,,,BD6091,Sylhet,,,,BD60,Bangladesh,,,,BD,21/05/23,,210.5466758,v03,en,,,,,24.83470762,91.72814054
Companiganj,,,,BD60910027,Sylhet,,,,BD6091,Sylhet,,,,BD60,Bangladesh,,,,BD,21/05/23,,261.8657678,v03,en,,,,,25.0799183,91.77309913
Dakkhin Surma,,,,BD60910031,Sylhet,,,,BD6091,Sylhet,,,,BD60,Bangladesh,,,,BD,21/05/23,,189.5989857,v03,en,,,,,24.81711992,91.87712889
Fenchuganj,,,,BD60910035,Sylhet,,,,BD6091,Sylhet,,,,BD60,Bangladesh,,,,BD,21/05/23,,112.2623385,v03,en,,,,,24.69358233,91.96304017
Golapganj,,,,BD60910038,Sylhet,,,,BD6091,Sylhet,,,,BD60,Bangladesh,,,,BD,21/05/23,,272.9970122,v03,en,,,,,24.81047474,92.01838458
Gowainghat,,,,BD60910041,Sylhet,,,,BD6091,Sylhet,,,,BD60,Bangladesh,,,,BD,21/05/23,,486.019035,v03,en,,,,,25.08145524,91.95895822
Jaintapur,,,,BD60910053,Sylhet,,,,BD6091,Sylhet,,,,BD60,Bangladesh,,,,BD,21/05/23,,268.8847794,v03,en,,,,,25.05799543,92.1045136
Kanaighat,,,,BD60910059,Sylhet,,,,BD6091,Sylhet,,,,BD60,Bangladesh,,,,BD,21/05/23,,400.9834391,v03,en,,,,,24.9932219,92.21911505
Osmaninagar,,,,BD60910060,Sylhet,,,,BD6091,Sylhet,,,,BD60,Bangladesh,,,,BD,21/05/23,,215.1423465,v03,en,,,,,24.70336209,91.73194607
Sylhet Sadar,,,,BD60910062,Sylhet,,,,BD6091,Sylhet,,,,BD60,Bangladesh,,,,BD,21/05/23,,295.664378,v03,en,,,,,24.94433953,91.84586196
Zakiganj,,,,BD60910094,Sylhet,,,,BD6091,Sylhet,,,,BD60,Bangladesh,,,,BD,21/05/23,,264.1026178,v03,en,,,,,24.92531685,92.36786009
Chattogram City Corporation,,,,BD20151600,Chattogram,,,,BD2015,Chattogram,,,,BD20,Bangladesh,,,,BD,21/05/23,,198.5423686,v03,en,,,,,22.34552085,91.80897271
Cumilla City Corporation,,,,BD20195000,Cumilla,,,,BD2019,Chattogram,,,,BD20,Bangladesh,,,,BD,21/05/23,,52.30877343,v03,en,,,,,23.43375045,91.1833508
Dhaka North City Corporation,,,,BD30262500,Dhaka,,,,BD3026,Dhaka,,,,BD30,Bangladesh,,,,BD,21/05/23,,205.2949945,v03,en,,,,,23.82077798,90.40619118
Dhaka South City Corporation,,,,BD30262000,Dhaka,,,,BD3026,Dhaka,,,,BD30,Bangladesh,,,,BD,21/05/23,,98.9366749,v03,en,,,,,23.72675466,90.43742437
Gazipur City Corporation,,,,BD30333300,Gazipur,,,,BD3033,Dhaka,,,,BD30,Bangladesh,,,,BD,21/05/23,,319.6606354,v03,en,,,,,23.98319059,90.38473992
Narayanganj City Corporation,,,,BD30674400,Narayanganj,,,,BD3067,Dhaka,,,,BD30,Bangladesh,,,,BD,21/05/23,,48.71364933,v03,en,,,,,23.65271449,90.51036212
Khulna City Corporation,,,,BD40473300,Khulna,,,,BD4047,Khulna,,,,BD40,Bangladesh,,,,BD,21/05/23,,46.61825313,v03,en,,,,,22.83731845,89.54114406
Rajshahi City Corporation,,,,BD50816600,Rajshahi,,,,BD5081,Rajshahi,,,,BD50,Bangladesh,,,,BD,21/05/23,,46.47686013,v03,en,,,,,24.38077324,88.60874761
Barishal City Corporation,,,,BD10065000,Barishal,,,,BD1006,Barishal,,,,BD10,Bangladesh,,,,BD,21/05/23,,58.49929341,v03,en,,,,,22.70206962,90.34233632
Mymensingh City Corporation,,,,BD45614000,Mymensingh,,,,BD4561,Mymensingh,,,,BD45,Bangladesh,,,,BD,21/05/23,,99.27615824,v03,en,,,,,24.74981075,90.40580762
Rangpur City Corporation,,,,BD55857500,Rangpur,,,,BD5585,Rangpur,,,,BD55,Bangladesh,,,,BD,21/05/23,,207.2954288,v03,en,,,,,25.7532263,89.24423406
Sylhet City Corporation,,,,BD60915000,Sylhet,,,,BD6091,Sylhet,,,,BD60,Bangladesh,,,,BD,21/05/23,,27.05226732,v03,en,,,,,24.89493179,91.87179483