source_division_code,source_district_code,source_upazila_code,source_division_name_en,source_district_name_en,source_upazila_name_en,source_division_name_bn,source_district_name_bn,source_upazila_name_bn,failure_reason,candidate_1_target_division_code,candidate_1_target_district_code,candidate_1_target_upazila_code,candidate_1_target_division_name_en,candidate_1_target_district_name_en,candidate_1_target_upazila_name_en,candidate_1_target_division_name_bn,candidate_1_target_district_name_bn,candidate_1_target_upazila_name_bn,candidate_1_reason,candidate_2_target_division_code,candidate_2_target_district_code,candidate_2_target_upazila_code,candidate_2_target_division_name_en,candidate_2_target_district_name_en,candidate_2_target_upazila_name_en,candidate_2_target_division_name_bn,candidate_2_target_district_name_bn,candidate_2_target_upazila_name_bn,candidate_2_reason,candidate_3_target_division_code,candidate_3_target_district_code,candidate_3_target_upazila_code,candidate_3_target_division_name_en,candidate_3_target_district_name_en,candidate_3_target_upazila_name_en,candidate_3_target_division_name_bn,candidate_3_target_district_name_bn,candidate_3_target_upazila_name_bn,candidate_3_reason,manual_target_division_code,manual_target_district_code,manual_target_upazila_code,selected_candidate,review_status,reviewed_by,notes
1,9,80,Chattagram,Coxsbazar,Coxsbazar Sadar,চট্টগ্রাম,কক্সবাজার,কক্সবাজার সদর,nuhil_district_name_no_match,,,,,,,,,,,,,,,,,,,,,,,,,,,,,,,,,,,PENDING,,nuhil_district_name_no_match; District match ambiguous (0 candidates) or zero. Unions: 10. | nuhil_missing_division; nuhil division id 1 missing; 10 unions. | nuhil_missing_division; nuhil division id 1 missing; 10 unions.
1,9,81,Chattagram,Coxsbazar,Chakaria,চট্টগ্রাম,কক্সবাজার,চকরিয়া,nuhil_district_name_no_match,20,2022,20220016,Chattogram,Cox's Bazar,Chakaria,চট্টগ্রাম বিভাগ,,,Within mapped HDX division (Chattagram); Exact normalized English (or cross-field) upazila name match,,,,,,,,,,,,,,,,,,,,,,,,,PENDING,,nuhil_district_name_no_match; District match ambiguous (0 candidates) or zero. Unions: 16. | nuhil_missing_division; nuhil division id 1 missing; 16 unions. | nuhil_missing_division; nuhil division id 1 missing; 16 unions.
1,9,82,Chattagram,Coxsbazar,Kutubdia,চট্টগ্রাম,কক্সবাজার,কুতুবদিয়া,nuhil_district_name_no_match,20,2022,20220045,Chattogram,Cox's Bazar,Kutubdia,চট্টগ্রাম বিভাগ,,,Within mapped HDX division (Chattagram); Exact normalized English (or cross-field) upazila name match,,,,,,,,,,,,,,,,,,,,,,,,,PENDING,,nuhil_district_name_no_match; District match ambiguous (0 candidates) or zero. Unions: 6. | nuhil_missing_division; nuhil division id 1 missing; 6 unions. | nuhil_missing_division; nuhil division id 1 missing; 6 unions.
1,9,83,Chattagram,Coxsbazar,Ukhiya,চট্টগ্রাম,কক্সবাজার,উখিয়া,nuhil_district_name_no_match,,,,,,,,,,,,,,,,,,,,,,,,,,,,,,,,,,,PENDING,,nuhil_district_name_no_match; District match ambiguous (0 candidates) or zero. Unions: 5. | nuhil_missing_division; nuhil division id 1 missing; 5 unions. | nuhil_missing_division; nuhil division id 1 missing; 5 unions.
1,9,84,Chattagram,Coxsbazar,Moheshkhali,চট্টগ্রাম,কক্সবাজার,মহেশখালী,nuhil_district_name_no_match,,,,,,,,,,,,,,,,,,,,,,,,,,,,,,,,,,,PENDING,,nuhil_district_name_no_match; District match ambiguous (0 candidates) or zero. Unions: 8. | nuhil_missing_division; nuhil division id 1 missing; 8 unions. | nuhil_missing_division; nuhil division id 1 missing; 8 unions.
1,9,85,Chattagram,Coxsbazar,Pekua,চট্টগ্রাম,কক্সবাজার,পেকুয়া,nuhil_district_name_no_match,20,2022,20220056,Chattogram,Cox's Bazar,Pekua,চট্টগ্রাম বিভাগ,,,Within mapped HDX division (Chattagram); Exact normalized English (or cross-field) upazila name match,,,,,,,,,,,,,,,,,,,,,,,,,PENDING,,nuhil_district_name_no_match; District match ambiguous (0 candidates) or zero. Unions: 7. | nuhil_missing_division; nuhil division id 1 missing; 7 unions. | nuhil_missing_division; nuhil division id 1 missing; 7 unions.
1,9,86,Chattagram,Coxsbazar,Ramu,চট্টগ্রাম,কক্সবাজার,রামু,nuhil_district_name_no_match,20,2022,20220066,Chattogram,Cox's Bazar,Ramu,চট্টগ্রাম বিভাগ,,,Within mapped HDX division (Chattagram); Exact normalized English (or cross-field) upazila name match,,,,,,,,,,,,,,,,,,,,,,,,,PENDING,,nuhil_district_name_no_match; District match ambiguous (0 candidates) or zero. Unions: 11. | nuhil_missing_division; nuhil division id 1 missing; 11 unions. | nuhil_missing_division; nuhil division id 1 missing; 11 unions.
1,9,87,Chattagram,Coxsbazar,Teknaf,চট্টগ্রাম,কক্সবাজার,টেকনাফ,nuhil_district_name_no_match,20,2022,20220090,Chattogram,Cox's Bazar,Teknaf,চট্টগ্রাম বিভাগ,,,Within mapped HDX division (Chattagram); Exact normalized English (or cross-field) upazila name match,,,,,,,,,,,,,,,,,,,,,,,,,PENDING,,nuhil_district_name_no_match; District match ambiguous (0 candidates) or zero. Unions: 6. | nuhil_missing_division; nuhil division id 1 missing; 6 unions. | nuhil_missing_division; nuhil division id 1 missing; 6 unions.
2,18,155,Rajshahi,Chapainawabganj,Chapainawabganj Sadar,রাজশাহী,চাঁপাইনবাবগঞ্জ,চাঁপাইনবাবগঞ্জ সদর,nuhil_district_name_no_match,50,5070,50700066,Rajshahi,Chapainababganj,Chapainawabganj Sadar,রাজশাহী বিভাগ,,,Within mapped HDX division (Rajshahi); Exact normalized English (or cross-field) upazila name match,30,3026,30260062,Dhaka,Dhaka,Nawabganj,ঢাকা বিভাগ,,,Different HDX division than nuhil-mapped 50; Upazila name similarity only (weak — verify district),,,,,,,,,,,,,,,PENDING,,nuhil_district_name_no_match; District match ambiguous (0 candidates) or zero. Unions: 14. | nuhil_district_name_no_match; District match ambiguous (0 candidates) or zero. Unions: 14. | nuhil_district_name_no_match; District match ambiguous (0 candidates) or zero. Unions: 14.
2,18,156,Rajshahi,Chapainawabganj,Gomostapur,রাজশাহী,চাঁপাইনবাবগঞ্জ,গোমস্তাপুর,nuhil_district_name_no_match,,,,,,,,,,,,,,,,,,,,,,,,,,,,,,,,,,,PENDING,,nuhil_district_name_no_match; District match ambiguous (0 candidates) or zero. Unions: 8. | nuhil_district_name_no_match; District match ambiguous (0 candidates) or zero. Unions: 8. | nuhil_district_name_no_match; District match ambiguous (0 candidates) or zero. Unions: 8.
2,18,157,Rajshahi,Chapainawabganj,Nachol,রাজশাহী,চাঁপাইনবাবগঞ্জ,নাচোল,nuhil_district_name_no_match,50,5070,50700056,Rajshahi,Chapainababganj,Nachole,রাজশাহী বিভাগ,,,Within mapped HDX division (Rajshahi); Upazila name similarity only (weak — verify district),,,,,,,,,,,,,,,,,,,,,,,,,PENDING,,nuhil_district_name_no_match; District match ambiguous (0 candidates) or zero. Unions: 4. | nuhil_district_name_no_match; District match ambiguous (0 candidates) or zero. Unions: 4. | nuhil_district_name_no_match; District match ambiguous (0 candidates) or zero. Unions: 4.
2,18,158,Rajshahi,Chapainawabganj,Bholahat,রাজশাহী,চাঁপাইনবাবগঞ্জ,ভোলাহাট,nuhil_district_name_no_match,50,5070,50700018,Rajshahi,Chapainababganj,Bholahat,রাজশাহী বিভাগ,,,Within mapped HDX division (Rajshahi); Exact normalized English (or cross-field) upazila name match,,,,,,,,,,,,,,,,,,,,,,,,,PENDING,,nuhil_district_name_no_match; District match ambiguous (0 candidates) or zero. Unions: 4. | nuhil_district_name_no_match; District match ambiguous (0 candidates) or zero. Unions: 4. | nuhil_district_name_no_match; District match ambiguous (0 candidates) or zero. Unions: 4.
2,18,159,Rajshahi,Chapainawabganj,Shibganj,রাজশাহী,চাঁপাইনবাবগঞ্জ,শিবগঞ্জ,nuhil_district_name_no_match,50,5010,50100094,Rajshahi,Bogura,Shibganj,রাজশাহী বিভাগ,,,Within mapped HDX division (Rajshahi); Exact normalized English (or cross-field) upazila name match,50,5070,50700088,Rajshahi,Chapainababganj,Shibganj,রাজশাহী বিভাগ,,,Within mapped HDX division (Rajshahi); Exact normalized English (or cross-field) upazila name match,,,,,,,,,,,,,,,PENDING,,nuhil_district_name_no_match; District match ambiguous (0 candidates) or zero. Unions: 15. | nuhil_district_name_no_match; District match ambiguous (0 candidates) or zero. Unions: 15. | nuhil_district_name_no_match; District match ambiguous (0 candidates) or zero. Unions: 15.
4,30,230,Barisal,Jhalakathi,Jhalakathi Sadar,বরিশাল,ঝালকাঠি,ঝালকাঠি সদর,nuhil_district_name_no_match,,,,,,,,,,,,,,,,,,,,,,,,,,,,,,,,,,,PENDING,,nuhil_district_name_no_match; District match ambiguous (0 candidates) or zero. Unions: 10. | nuhil_district_name_no_match; District match ambiguous (0 candidates) or zero. Unions: 10. | nuhil_district_name_no_match; District match ambiguous (0 candidates) or zero. Unions: 10.
4,30,231,Barisal,Jhalakathi,Kathalia,বরিশাল,ঝালকাঠি,কাঠালিয়া,nuhil_district_name_no_match,,,,,,,,,,,,,,,,,,,,,,,,,,,,,,,,,,,PENDING,,nuhil_district_name_no_match; District match ambiguous (0 candidates) or zero. Unions: 6. | nuhil_district_name_no_match; District match ambiguous (0 candidates) or zero. Unions: 6. | nuhil_district_name_no_match; District match ambiguous (0 candidates) or zero. Unions: 6.
4,30,232,Barisal,Jhalakathi,Nalchity,বরিশাল,ঝালকাঠি,নলছিটি,nuhil_district_name_no_match,,,,,,,,,,,,,,,,,,,,,,,,,,,,,,,,,,,PENDING,,nuhil_district_name_no_match; District match ambiguous (0 candidates) or zero. Unions: 10. | nuhil_district_name_no_match; District match ambiguous (0 candidates) or zero. Unions: 10. | nuhil_district_name_no_match; District match ambiguous (0 candidates) or zero. Unions: 10.
4,30,233,Barisal,Jhalakathi,Rajapur,বরিশাল,ঝালকাঠি,রাজাপুর,nuhil_district_name_no_match,10,1042,10420084,Barishal,Jhalokati,Rajapur,বরিশাল বিভাগ,,,Within mapped HDX division (Barisal); Exact normalized English (or cross-field) upazila name match,,,,,,,,,,,,,,,,,,,,,,,,,PENDING,,nuhil_district_name_no_match; District match ambiguous (0 candidates) or zero. Unions: 6. | nuhil_district_name_no_match; District match ambiguous (0 candidates) or zero. Unions: 6. | nuhil_district_name_no_match; District match ambiguous (0 candidates) or zero. Unions: 6.
4,33,249,Barisal,Barisal,Barisal Sadar,বরিশাল,বরিশাল,বরিশাল সদর,nuhil_district_name_no_match,,,,,,,,,,,,,,,,,,,,,,,,,,,,,,,,,,,PENDING,,nuhil_district_name_no_match; District match ambiguous (0 candidates) or zero. Unions: 10. | nuhil_district_name_no_match; District match ambiguous (0 candidates) or zero. Unions: 10. | nuhil_district_name_no_match; District match ambiguous (0 candidates) or zero. Unions: 10.
4,33,250,Barisal,Barisal,Bakerganj,বরিশাল,বরিশাল,বাকেরগঞ্জ,nuhil_district_name_no_match,10,1006,10060007,Barishal,Barishal,Bakerganj,বরিশাল বিভাগ,,,Within mapped HDX division (Barisal); Exact normalized English (or cross-field) upazila name match,,,,,,,,,,,,,,,,,,,,,,,,,PENDING,,nuhil_district_name_no_match; District match ambiguous (0 candidates) or zero. Unions: 14. | nuhil_district_name_no_match; District match ambiguous (0 candidates) or zero. Unions: 14. | nuhil_district_name_no_match; District match ambiguous (0 candidates) or zero. Unions: 14.
4,33,251,Barisal,Barisal,Babuganj,বরিশাল,বরিশাল,বাবুগঞ্জ,nuhil_district_name_no_match,10,1006,10060003,Barishal,Barishal,Babuganj,বরিশাল বিভাগ,,,Within mapped HDX division (Barisal); Exact normalized English (or cross-field) upazila name match,,,,,,,,,,,,,,,,,,,,,,,,,PENDING,,nuhil_district_name_no_match; District match ambiguous (0 candidates) or zero. Unions: 6. | nuhil_district_name_no_match; District match ambiguous (0 candidates) or zero. Unions: 6. | nuhil_district_name_no_match; District match ambiguous (0 candidates) or zero. Unions: 6.
4,33,252,Barisal,Barisal,Wazirpur,বরিশাল,বরিশাল,উজিরপুর,nuhil_district_name_no_match,,,,,,,,,,,,,,,,,,,,,,,,,,,,,,,,,,,PENDING,,nuhil_district_name_no_match; District match ambiguous (0 candidates) or zero. Unions: 9. | nuhil_district_name_no_match; District match ambiguous (0 candidates) or zero. Unions: 9. | nuhil_district_name_no_match; District match ambiguous (0 candidates) or zero. Unions: 9.
4,33,253,Barisal,Barisal,Banaripara,বরিশাল,বরিশাল,বানারীপাড়া,nuhil_district_name_no_match,10,1006,10060010,Barishal,Barishal,Banaripara,বরিশাল বিভাগ,,,Within mapped HDX division (Barisal); Exact normalized English (or cross-field) upazila name match,,,,,,,,,,,,,,,,,,,,,,,,,PENDING,,nuhil_district_name_no_match; District match ambiguous (0 candidates) or zero. Unions: 8. | nuhil_district_name_no_match; District match ambiguous (0 candidates) or zero. Unions: 8. | nuhil_district_name_no_match; District match ambiguous (0 candidates) or zero. Unions: 8.
4,33,254,Barisal,Barisal,Gournadi,বরিশাল,বরিশাল,গৌরনদী,nuhil_district_name_no_match,,,,,,,,,,,,,,,,,,,,,,,,,,,,,,,,,,,PENDING,,nuhil_district_name_no_match; District match ambiguous (0 candidates) or zero. Unions: 7. | nuhil_district_name_no_match; District match ambiguous (0 candidates) or zero. Unions: 7. | nuhil_district_name_no_match; District match ambiguous (0 candidates) or zero. Unions: 7.
4,33,255,Barisal,Barisal,Agailjhara,বরিশাল,বরিশাল,আগৈলঝাড়া,nuhil_district_name_no_match,10,1006,10060002,Barishal,Barishal,Agailjhara,বরিশাল বিভাগ,,,Within mapped HDX division (Barisal); Exact normalized English (or cross-field) upazila name match,,,,,,,,,,,,,,,,,,,,,,,,,PENDING,,nuhil_district_name_no_match; District match ambiguous (0 candidates) or zero. Unions: 5. | nuhil_district_name_no_match; District match ambiguous (0 candidates) or zero. Unions: 5. | nuhil_district_name_no_match; District match ambiguous (0 candidates) or zero. Unions: 5.
4,33,256,Barisal,Barisal,Mehendiganj,বরিশাল,বরিশাল,মেহেন্দিগঞ্জ,nuhil_district_name_no_match,10,1006,10060062,Barishal,Barishal,Mehendiganj,বরিশাল বিভাগ,,,Within mapped HDX division (Barisal); Exact normalized English (or cross-field) upazila name match,,,,,,,,,,,,,,,,,,,,,,,,,PENDING,,nuhil_district_name_no_match; District match ambiguous (0 candidates) or zero. Unions: 13. | nuhil_district_name_no_match; District match ambiguous (0 candidates) or zero. Unions: 13. | nuhil_district_name_no_match; District match ambiguous (0 candidates) or zero. Unions: 13.
4,33,257,Barisal,Barisal,Muladi,বরিশাল,বরিশাল,মুলাদী,nuhil_district_name_no_match,10,1006,10060069,Barishal,Barishal,Muladi,বরিশাল বিভাগ,,,Within mapped HDX division (Barisal); Exact normalized English (or cross-field) upazila name match,,,,,,,,,,,,,,,,,,,,,,,,,PENDING,,nuhil_district_name_no_match; District match ambiguous (0 candidates) or zero. Unions: 7. | nuhil_district_name_no_match; District match ambiguous (0 candidates) or zero. Unions: 7. | nuhil_district_name_no_match; District match ambiguous (0 candidates) or zero. Unions: 7.
4,33,258,Barisal,Barisal,Hizla,বরিশাল,বরিশাল,হিজলা,nuhil_district_name_no_match,,,,,,,,,,,,,,,,,,,,,,,,,,,,,,,,,,,PENDING,,nuhil_district_name_no_match; District match ambiguous (0 candidates) or zero. Unions: 6. | nuhil_district_name_no_match; District match ambiguous (0 candidates) or zero. Unions: 6. | nuhil_district_name_no_match; District match ambiguous (0 candidates) or zero. Unions: 6.
8,64,482,Mymensingh,Netrokona,Barhatta,ময়মনসিংহ,নেত্রকোণা,বারহাট্টা,nuhil_district_name_no_match,45,4572,45720009,Mymensingh,Netrakona,Barhatta,ময়মনসিংহ বিভাগ,,,Within mapped HDX division (Mymensingh); Exact normalized English (or cross-field) upazila name match,,,,,,,,,,,,,,,,,,,,,,,,,PENDING,,nuhil_district_name_no_match; District match ambiguous (0 candidates) or zero. Unions: 7. | nuhil_district_name_no_match; District match ambiguous (0 candidates) or zero. Unions: 7. | nuhil_district_name_no_match; District match ambiguous (0 candidates) or zero. Unions: 7.
8,64,483,Mymensingh,Netrokona,Durgapur,ময়মনসিংহ,নেত্রকোণা,দুর্গাপুর,nuhil_district_name_no_match,45,4572,45720018,Mymensingh,Netrakona,Durgapur,ময়মনসিংহ বিভাগ,,,Within mapped HDX division (Mymensingh); Exact normalized English (or cross-field) upazila name match,50,5081,50810031,Rajshahi,Rajshahi,Durgapur,রাজশাহী বিভাগ,,,Different HDX division than nuhil-mapped 45; Exact normalized English (or cross-field) upazila name match,,,,,,,,,,,,,,,PENDING,,nuhil_district_name_no_match; District match ambiguous (0 candidates) or zero. Unions: 7. | nuhil_district_name_no_match; District match ambiguous (0 candidates) or zero. Unions: 7. | nuhil_district_name_no_match; District match ambiguous (0 candidates) or zero. Unions: 7.
8,64,484,Mymensingh,Netrokona,Kendua,ময়মনসিংহ,নেত্রকোণা,কেন্দুয়া,nuhil_district_name_no_match,45,4572,45720047,Mymensingh,Netrakona,Kendua,ময়মনসিংহ বিভাগ,,,Within mapped HDX division (Mymensingh); Exact normalized English (or cross-field) upazila name match,,,,,,,,,,,,,,,,,,,,,,,,,PENDING,,nuhil_district_name_no_match; District match ambiguous (0 candidates) or zero. Unions: 13. | nuhil_district_name_no_match; District match ambiguous (0 candidates) or zero. Unions: 13. | nuhil_district_name_no_match; District match ambiguous (0 candidates) or zero. Unions: 13.
8,64,485,Mymensingh,Netrokona,Atpara,ময়মনসিংহ,নেত্রকোণা,আটপাড়া,nuhil_district_name_no_match,45,4572,45720004,Mymensingh,Netrakona,Atpara,ময়মনসিংহ বিভাগ,,,Within mapped HDX division (Mymensingh); Exact normalized English (or cross-field) upazila name match,,,,,,,,,,,,,,,,,,,,,,,,,PENDING,,nuhil_district_name_no_match; District match ambiguous (0 candidates) or zero. Unions: 7. | nuhil_district_name_no_match; District match ambiguous (0 candidates) or zero. Unions: 7. | nuhil_district_name_no_match; District match ambiguous (0 candidates) or zero. Unions: 7.
8,64,486,Mymensingh,Netrokona,Madan,ময়মনসিংহ,নেত্রকোণা,মদন,nuhil_district_name_no_match,45,4572,45720056,Mymensingh,Netrakona,Madan,ময়মনসিংহ বিভাগ,,,Within mapped HDX division (Mymensingh); Exact normalized English (or cross-field) upazila name match,,,,,,,,,,,,,,,,,,,,,,,,,PENDING,,nuhil_district_name_no_match; District match ambiguous (0 candidates) or zero. Unions: 8. | nuhil_district_name_no_match; District match ambiguous (0 candidates) or zero. Unions: 8. | nuhil_district_name_no_match; District match ambiguous (0 candidates) or zero. Unions: 8.
8,64,487,Mymensingh,Netrokona,Khaliajuri,ময়মনসিংহ,নেত্রকোণা,খালিয়াজুরী,nuhil_district_name_no_match,45,4572,45720038,Mymensingh,Netrakona,Khaliajuri,ময়মনসিংহ বিভাগ,,,Within mapped HDX division (Mymensingh); Exact normalized English (or cross-field) upazila name match,60,6058,60580035,Sylhet,Moulvibazar,Juri,সিলেট বিভাগ,,,Different HDX division than nuhil-mapped 45; Upazila name similarity only (weak — verify district),,,,,,,,,,,,,,,PENDING,,nuhil_district_name_no_match; District match ambiguous (0 candidates) or zero. Unions: 6. | nuhil_district_name_no_match; District match ambiguous (0 candidates) or zero. Unions: 6. | nuhil_district_name_no_match; District match ambiguous (0 candidates) or zero. Unions: 6.
8,64,488,Mymensingh,Netrokona,Kalmakanda,ময়মনসিংহ,নেত্রকোণা,কলমাকান্দা,nuhil_district_name_no_match,45,4572,45720040,Mymensingh,Netrakona,Kalmakanda,ময়মনসিংহ বিভাগ,,,Within mapped HDX division (Mymensingh); Exact normalized English (or cross-field) upazila name match,,,,,,,,,,,,,,,,,,,,,,,,,PENDING,,nuhil_district_name_no_match; District match ambiguous (0 candidates) or zero. Unions: 8. | nuhil_district_name_no_match; District match ambiguous (0 candidates) or zero. Unions: 8. | nuhil_district_name_no_match; District match ambiguous (0 candidates) or zero. Unions: 8.
8,64,489,Mymensingh,Netrokona,Mohongonj,ময়মনসিংহ,নেত্রকোণা,মোহনগঞ্জ,nuhil_district_name_no_match,,,,,,,,,,,,,,,,,,,,,,,,,,,,,,,,,,,PENDING,,nuhil_district_name_no_match; District match ambiguous (0 candidates) or zero. Unions: 7. | nuhil_district_name_no_match; District match ambiguous (0 candidates) or zero. Unions: 7. | nuhil_district_name_no_match; District match ambiguous (0 candidates) or zero. Unions: 7.
8,64,490,Mymensingh,Netrokona,Purbadhala,ময়মনসিংহ,নেত্রকোণা,পূর্বধলা,nuhil_district_name_no_match,45,4572,45720083,Mymensingh,Netrakona,Purbadhala,ময়মনসিংহ বিভাগ,,,Within mapped HDX division (Mymensingh); Exact normalized English (or cross-field) upazila name match,,,,,,,,,,,,,,,,,,,,,,,,,PENDING,,nuhil_district_name_no_match; District match ambiguous (0 candidates) or zero. Unions: 11. | nuhil_district_name_no_match; District match ambiguous (0 candidates) or zero. Unions: 11. | nuhil_district_name_no_match; District match ambiguous (0 candidates) or zero. Unions: 11.
8,64,491,Mymensingh,Netrokona,Netrokona Sadar,ময়মনসিংহ,নেত্রকোণা,নেত্রকোণা সদর,nuhil_district_name_no_match,,,,,,,,,,,,,,,,,,,,,,,,,,,,,,,,,,,PENDING,,nuhil_district_name_no_match; District match ambiguous (0 candidates) or zero. Unions: 12. | nuhil_district_name_no_match; District match ambiguous (0 candidates) or zero. Unions: 12. | nuhil_district_name_no_match; District match ambiguous (0 candidates) or zero. Unions: 12.
1,1,11,Chattagram,Cumilla,Comilla Sadar,চট্টগ্রাম,কুমিল্লা,কুমিল্লা সদর,nuhil_upazila_name_no_match,,,,,,,,,,,,,,,,,,,,,,,,,,,,,,,,,,,PENDING,,"nuhil_upazila_name_no_match; Upazila ""Comilla Sadar"" / ""কুমিল্লা সদর"": 0 HDX matches in district 2019. Unions: 6."
1,1,13,Chattagram,Cumilla,Monohargonj,চট্টগ্রাম,কুমিল্লা,মনোহরগঞ্জ,nuhil_upazila_name_no_match,,,,,,,,,,,,,,,,,,,,,,,,,,,,,,,,,,,PENDING,,"nuhil_upazila_name_no_match; Upazila ""Monohargonj"" / ""মনোহরগঞ্জ"": 0 HDX matches in district 2019. Unions: 11."
1,1,14,Chattagram,Cumilla,Sadarsouth,চট্টগ্রাম,কুমিল্লা,সদর দক্ষিণ,nuhil_upazila_name_no_match,,,,,,,,,,,,,,,,,,,,,,,,,,,,,,,,,,,PENDING,,"nuhil_upazila_name_no_match; Upazila ""Sadarsouth"" / ""সদর দক্ষিণ"": 0 HDX matches in district 2019. Unions: 14."
1,10,90,Chattagram,Khagrachhari,Panchari,চট্টগ্রাম,খাগড়াছড়ি,পানছড়ি,nuhil_upazila_name_no_match,,,,,,,,,,,,,,,,,,,,,,,,,,,,,,,,,,,PENDING,,"nuhil_upazila_name_no_match; Upazila ""Panchari"" / ""পানছড়ি"": 0 HDX matches in district 2046. Unions: 4. | nuhil_missing_division; nuhil division id 1 missing; 4 unions. | nuhil_missing_division; nuhil division id 1 missing; 4 unions."
1,10,91,Chattagram,Khagrachhari,Laxmichhari,চট্টগ্রাম,খাগড়াছড়ি,লক্ষীছড়ি,nuhil_upazila_name_no_match,,,,,,,,,,,,,,,,,,,,,,,,,,,,,,,,,,,PENDING,,"nuhil_upazila_name_no_match; Upazila ""Laxmichhari"" / ""লক্ষীছড়ি"": 0 HDX matches in district 2046. Unions: 3. | nuhil_missing_division; nuhil division id 1 missing; 3 unions. | nuhil_missing_division; nuhil division id 1 missing; 3 unions."
1,10,92,Chattagram,Khagrachhari,Mohalchari,চট্টগ্রাম,খাগড়াছড়ি,মহালছড়ি,nuhil_upazila_name_no_match,,,,,,,,,,,,,,,,,,,,,,,,,,,,,,,,,,,PENDING,,"nuhil_upazila_name_no_match; Upazila ""Mohalchari"" / ""মহালছড়ি"": 0 HDX matches in district 2046. Unions: 5. | nuhil_missing_division; nuhil division id 1 missing; 5 unions. | nuhil_missing_division; nuhil division id 1 missing; 5 unions."
1,10,93,Chattagram,Khagrachhari,Manikchari,চট্টগ্রাম,খাগড়াছড়ি,মানিকছড়ি,nuhil_upazila_name_no_match,,,,,,,,,,,,,,,,,,,,,,,,,,,,,,,,,,,PENDING,,"nuhil_upazila_name_no_match; Upazila ""Manikchari"" / ""মানিকছড়ি"": 0 HDX matches in district 2046. Unions: 4. | nuhil_missing_division; nuhil division id 1 missing; 4 unions. | nuhil_missing_division; nuhil division id 1 missing; 4 unions."
1,11,99,Chattagram,Bandarban,Naikhongchhari,চট্টগ্রাম,বান্দরবান,নাইক্ষ্যংছড়ি,nuhil_upazila_name_no_match,,,,,,,,,,,,,,,,,,,,,,,,,,,,,,,,,,,PENDING,,"nuhil_upazila_name_no_match; Upazila ""Naikhongchhari"" / ""নাইক্ষ্যংছড়ি"": 0 HDX matches in district 2003. Unions: 5. | nuhil_missing_division; nuhil division id 1 missing; 5 unions. | nuhil_missing_division; nuhil division id 1 missing; 5 unions."
1,2,22,Chattagram,Feni,Parshuram,চট্টগ্রাম,ফেনী,পরশুরাম,nuhil_upazila_name_no_match,,,,,,,,,,,,,,,,,,,,,,,,,,,,,,,,,,,PENDING,,"nuhil_upazila_name_no_match; Upazila ""Parshuram"" / ""পরশুরাম"": 0 HDX matches in district 2030. Unions: 3. | nuhil_missing_division; nuhil division id 1 missing; 3 unions. | nuhil_missing_division; nuhil division id 1 missing; 3 unions."
1,3,31,Chattagram,Brahmanbaria,Bancharampur,চট্টগ্রাম,ব্রাহ্মণবাড়িয়া,বাঞ্ছারামপুর,nuhil_upazila_name_no_match,,,,,,,,,,,,,,,,,,,,,,,,,,,,,,,,,,,PENDING,,"nuhil_upazila_name_no_match; Upazila ""Bancharampur"" / ""বাঞ্ছারামপুর"": 0 HDX matches in district 2012. Unions: 13. | nuhil_missing_division; nuhil division id 1 missing; 13 unions. | nuhil_missing_division; nuhil division id 1 missing; 13 unions."
1,4,36,Chattagram,Rangamati,Baghaichari,চট্টগ্রাম,রাঙ্গামাটি,বাঘাইছড়ি,nuhil_upazila_name_no_match,50,5081,50810010,Rajshahi,Rajshahi,Bagha,রাজশাহী বিভাগ,,,Different HDX division than nuhil-mapped 20; Upazila name similarity only (weak — verify district),,,,,,,,,,,,,,,,,,,,,,,,,PENDING,,"nuhil_upazila_name_no_match; Upazila ""Baghaichari"" / ""বাঘাইছড়ি"": 0 HDX matches in district 2084. Unions: 8. | nuhil_missing_division; nuhil division id 1 missing; 8 unions. | nuhil_missing_division; nuhil division id 1 missing; 8 unions."
1,4,40,Chattagram,Rangamati,Belaichari,চট্টগ্রাম,রাঙ্গামাটি,বিলাইছড়ি,nuhil_upazila_name_no_match,,,,,,,,,,,,,,,,,,,,,,,,,,,,,,,,,,,PENDING,,"nuhil_upazila_name_no_match; Upazila ""Belaichari"" / ""বিলাইছড়ি"": 0 HDX matches in district 2084. Unions: 3. | nuhil_missing_division; nuhil division id 1 missing; 3 unions. | nuhil_missing_division; nuhil division id 1 missing; 3 unions."
1,4,41,Chattagram,Rangamati,Juraichari,চট্টগ্রাম,রাঙ্গামাটি,জুরাছড়ি,nuhil_upazila_name_no_match,,,,,,,,,,,,,,,,,,,,,,,,,,,,,,,,,,,PENDING,,"nuhil_upazila_name_no_match; Upazila ""Juraichari"" / ""জুরাছড়ি"": 0 HDX matches in district 2084. Unions: 4. | nuhil_missing_division; nuhil division id 1 missing; 4 unions. | nuhil_missing_division; nuhil division id 1 missing; 4 unions."
1,5,46,Chattagram,Noakhali,Hatia,চট্টগ্রাম,নোয়াখালী,হাতিয়া,nuhil_upazila_name_no_match,,,,,,,,,,,,,,,,,,,,,,,,,,,,,,,,,,,PENDING,,"nuhil_upazila_name_no_match; Upazila ""Hatia"" / ""হাতিয়া"": 0 HDX matches in district 2075. Unions: 9. | nuhil_missing_division; nuhil division id 1 missing; 9 unions. | nuhil_missing_division; nuhil division id 1 missing; 9 unions."
1,5,49,Chattagram,Noakhali,Senbug,চট্টগ্রাম,নোয়াখালী,সেনবাগ,nuhil_upazila_name_no_match,,,,,,,,,,,,,,,,,,,,,,,,,,,,,,,,,,,PENDING,,"nuhil_upazila_name_no_match; Upazila ""Senbug"" / ""সেনবাগ"": 0 HDX matches in district 2075. Unions: 9. | nuhil_missing_division; nuhil division id 1 missing; 9 unions. | nuhil_missing_division; nuhil division id 1 missing; 9 unions."
1,5,51,Chattagram,Noakhali,Sonaimori,চট্টগ্রাম,নোয়াখালী,সোনাইমুড়ী,nuhil_upazila_name_no_match,,,,,,,,,,,,,,,,,,,,,,,,,,,,,,,,,,,PENDING,,"nuhil_upazila_name_no_match; Upazila ""Sonaimori"" / ""সোনাইমুড়ী"": 0 HDX matches in district 2075. Unions: 10. | nuhil_missing_division; nuhil division id 1 missing; 10 unions. | nuhil_missing_division; nuhil division id 1 missing; 10 unions."
1,6,56,Chattagram,Chandpur,Matlab South,চট্টগ্রাম,চাঁদপুর,মতলব দক্ষিণ,nuhil_upazila_name_no_match,,,,,,,,,,,,,,,,,,,,,,,,,,,,,,,,,,,PENDING,,"nuhil_upazila_name_no_match; Upazila ""Matlab South"" / ""মতলব দক্ষিণ"": 0 HDX matches in district 2013. Unions: 6. | nuhil_missing_division; nuhil division id 1 missing; 6 unions. | nuhil_missing_division; nuhil division id 1 missing; 6 unions."
1,6,58,Chattagram,Chandpur,Matlab North,চট্টগ্রাম,চাঁদপুর,মতলব উত্তর,nuhil_upazila_name_no_match,,,,,,,,,,,,,,,,,,,,,,,,,,,,,,,,,,,PENDING,,"nuhil_upazila_name_no_match; Upazila ""Matlab North"" / ""মতলব উত্তর"": 0 HDX matches in district 2013. Unions: 14. | nuhil_missing_division; nuhil division id 1 missing; 14 unions. | nuhil_missing_division; nuhil division id 1 missing; 14 unions."
1,6,59,Chattagram,Chandpur,Faridgonj,চট্টগ্রাম,চাঁদপুর,ফরিদগঞ্জ,nuhil_upazila_name_no_match,,,,,,,,,,,,,,,,,,,,,,,,,,,,,,,,,,,PENDING,,"nuhil_upazila_name_no_match; Upazila ""Faridgonj"" / ""ফরিদগঞ্জ"": 0 HDX matches in district 2013. Unions: 15. | nuhil_missing_division; nuhil division id 1 missing; 15 unions. | nuhil_missing_division; nuhil division id 1 missing; 15 unions."
1,8,67,Chattagram,Chattogram,Mirsharai,চট্টগ্রাম,চট্টগ্রাম,মীরসরাই,nuhil_upazila_name_no_match,,,,,,,,,,,,,,,,,,,,,,,,,,,,,,,,,,,PENDING,,"nuhil_upazila_name_no_match; Upazila ""Mirsharai"" / ""মীরসরাই"": 0 HDX matches in district 2015. Unions: 16. | nuhil_missing_division; nuhil division id 1 missing; 16 unions. | nuhil_missing_division; nuhil division id 1 missing; 16 unions."
1,8,79,Chattagram,Chattogram,Karnafuli,চট্টগ্রাম,চট্টগ্রাম,কর্ণফুলী,nuhil_upazila_name_no_match,,,,,,,,,,,,,,,,,,,,,,,,,,,,,,,,,,,PENDING,,"nuhil_upazila_name_no_match; Upazila ""Karnafuli"" / ""কর্ণফুলী"": 0 HDX matches in district 2015. Unions: 5. | nuhil_missing_division; nuhil division id 1 missing; 5 unions. | nuhil_missing_division; nuhil division id 1 missing; 5 unions."
2,12,105,Rajshahi,Sirajganj,Chauhali,রাজশাহী,সিরাজগঞ্জ,চৌহালি,nuhil_upazila_name_no_match,,,,,,,,,,,,,,,,,,,,,,,,,,,,,,,,,,,PENDING,,"nuhil_upazila_name_no_match; Upazila ""Chauhali"" / ""চৌহালি"": 0 HDX matches in district 5088. Unions: 7. | nuhil_upazila_name_no_match; Upazila ""Chauhali"" / ""চৌহালি"": 0 HDX matches in district 5088. Unions: 7. | nuhil_upazila_name_no_match; Upazila ""Chauhali"" / ""চৌহালি"": 0 HDX matches in district 5088. Unions: 7."
2,12,106,Rajshahi,Sirajganj,Kamarkhand,রাজশাহী,সিরাজগঞ্জ,কামারখন্দ,nuhil_upazila_name_no_match,50,5088,50880044,Rajshahi,Sirajganj,Kamarkhanda,রাজশাহী বিভাগ,,,Within mapped HDX division (Rajshahi); District + upazila name similarity (token / substring),,,,,,,,,,,,,,,,,,,,,,,,,PENDING,,"nuhil_upazila_name_no_match; Upazila ""Kamarkhand"" / ""কামারখন্দ"": 0 HDX matches in district 5088. Unions: 4. | nuhil_upazila_name_no_match; Upazila ""Kamarkhand"" / ""কামারখন্দ"": 0 HDX matches in district 5088. Unions: 4. | nuhil_upazila_name_no_match; Upazila ""Kamarkhand"" / ""কামারখন্দ"": 0 HDX matches in district 5088. Unions: 4."
2,12,108,Rajshahi,Sirajganj,Raigonj,রাজশাহী,সিরাজগঞ্জ,রায়গঞ্জ,nuhil_upazila_name_no_match,,,,,,,,,,,,,,,,,,,,,,,,,,,,,,,,,,,PENDING,,"nuhil_upazila_name_no_match; Upazila ""Raigonj"" / ""রায়গঞ্জ"": 0 HDX matches in district 5088. Unions: 9. | nuhil_upazila_name_no_match; Upazila ""Raigonj"" / ""রায়গঞ্জ"": 0 HDX matches in district 5088. Unions: 9. | nuhil_upazila_name_no_match; Upazila ""Raigonj"" / ""রায়গঞ্জ"": 0 HDX matches in district 5088. Unions: 9."
2,13,114,Rajshahi,Pabna,Ishurdi,রাজশাহী,পাবনা,ঈশ্বরদী,nuhil_upazila_name_no_match,,,,,,,,,,,,,,,,,,,,,,,,,,,,,,,,,,,PENDING,,"nuhil_upazila_name_no_match; Upazila ""Ishurdi"" / ""ঈশ্বরদী"": 0 HDX matches in district 5076. Unions: 7. | nuhil_upazila_name_no_match; Upazila ""Ishurdi"" / ""ঈশ্বরদী"": 0 HDX matches in district 5076. Unions: 7. | nuhil_upazila_name_no_match; Upazila ""Ishurdi"" / ""ঈশ্বরদী"": 0 HDX matches in district 5076. Unions: 7."
2,13,118,Rajshahi,Pabna,Atghoria,রাজশাহী,পাবনা,আটঘরিয়া,nuhil_upazila_name_no_match,,,,,,,,,,,,,,,,,,,,,,,,,,,,,,,,,,,PENDING,,"nuhil_upazila_name_no_match; Upazila ""Atghoria"" / ""আটঘরিয়া"": 0 HDX matches in district 5076. Unions: 5. | nuhil_upazila_name_no_match; Upazila ""Atghoria"" / ""আটঘরিয়া"": 0 HDX matches in district 5076. Unions: 5. | nuhil_upazila_name_no_match; Upazila ""Atghoria"" / ""আটঘরিয়া"": 0 HDX matches in district 5076. Unions: 5."
2,14,123,Rajshahi,Bogura,Bogra Sadar,রাজশাহী,বগুড়া,বগুড়া সদর,nuhil_upazila_name_no_match,,,,,,,,,,,,,,,,,,,,,,,,,,,,,,,,,,,PENDING,,"nuhil_upazila_name_no_match; Upazila ""Bogra Sadar"" / ""বগুড়া সদর"": 0 HDX matches in district 5010. Unions: 11. | nuhil_upazila_name_no_match; Upazila ""Bogra Sadar"" / ""বগুড়া সদর"": 0 HDX matches in district 5010. Unions: 11. | nuhil_upazila_name_no_match; Upazila ""Bogra Sadar"" / ""বগুড়া সদর"": 0 HDX matches in district 5010. Unions: 11."
2,14,124,Rajshahi,Bogura,Shariakandi,রাজশাহী,বগুড়া,সারিয়াকান্দি,nuhil_upazila_name_no_match,,,,,,,,,,,,,,,,,,,,,,,,,,,,,,,,,,,PENDING,,"nuhil_upazila_name_no_match; Upazila ""Shariakandi"" / ""সারিয়াকান্দি"": 0 HDX matches in district 5010. Unions: 12. | nuhil_upazila_name_no_match; Upazila ""Shariakandi"" / ""সারিয়াকান্দি"": 0 HDX matches in district 5010. Unions: 12. | nuhil_upazila_name_no_match; Upazila ""Shariakandi"" / ""সারিয়াকান্দি"": 0 HDX matches in district 5010. Unions: 12."
2,14,126,Rajshahi,Bogura,Dupchanchia,রাজশাহী,বগুড়া,দুপচাচিঁয়া,nuhil_upazila_name_no_match,,,,,,,,,,,,,,,,,,,,,,,,,,,,,,,,,,,PENDING,,"nuhil_upazila_name_no_match; Upazila ""Dupchanchia"" / ""দুপচাচিঁয়া"": 0 HDX matches in district 5010. Unions: 6. | nuhil_upazila_name_no_match; Upazila ""Dupchanchia"" / ""দুপচাচিঁয়া"": 0 HDX matches in district 5010. Unions: 6. | nuhil_upazila_name_no_match; Upazila ""Dupchanchia"" / ""দুপচাচিঁয়া"": 0 HDX matches in district 5010. Unions: 6."
2,14,128,Rajshahi,Bogura,Nondigram,রাজশাহী,বগুড়া,নন্দিগ্রাম,nuhil_upazila_name_no_match,,,,,,,,,,,,,,,,,,,,,,,,,,,,,,,,,,,PENDING,,"nuhil_upazila_name_no_match; Upazila ""Nondigram"" / ""নন্দিগ্রাম"": 0 HDX matches in district 5010. Unions: 5. | nuhil_upazila_name_no_match; Upazila ""Nondigram"" / ""নন্দিগ্রাম"": 0 HDX matches in district 5010. Unions: 5. | nuhil_upazila_name_no_match; Upazila ""Nondigram"" / ""নন্দিগ্রাম"": 0 HDX matches in district 5010. Unions: 5."
2,14,130,Rajshahi,Bogura,Dhunot,রাজশাহী,বগুড়া,ধুনট,nuhil_upazila_name_no_match,,,,,,,,,,,,,,,,,,,,,,,,,,,,,,,,,,,PENDING,,"nuhil_upazila_name_no_match; Upazila ""Dhunot"" / ""ধুনট"": 0 HDX matches in district 5010. Unions: 10. | nuhil_upazila_name_no_match; Upazila ""Dhunot"" / ""ধুনট"": 0 HDX matches in district 5010. Unions: 10. | nuhil_upazila_name_no_match; Upazila ""Dhunot"" / ""ধুনট"": 0 HDX matches in district 5010. Unions: 10."
2,15,136,Rajshahi,Rajshahi,Mohonpur,রাজশাহী,রাজশাহী,মোহনপুর,nuhil_upazila_name_no_match,,,,,,,,,,,,,,,,,,,,,,,,,,,,,,,,,,,PENDING,,"nuhil_upazila_name_no_match; Upazila ""Mohonpur"" / ""মোহনপুর"": 0 HDX matches in district 5081. Unions: 6. | nuhil_upazila_name_no_match; Upazila ""Mohonpur"" / ""মোহনপুর"": 0 HDX matches in district 5081. Unions: 6. | nuhil_upazila_name_no_match; Upazila ""Mohonpur"" / ""মোহনপুর"": 0 HDX matches in district 5081. Unions: 6."
2,19,160,Rajshahi,Naogaon,Mohadevpur,রাজশাহী,নওগাঁ,মহাদেবপুর,nuhil_upazila_name_no_match,,,,,,,,,,,,,,,,,,,,,,,,,,,,,,,,,,,PENDING,,"nuhil_upazila_name_no_match; Upazila ""Mohadevpur"" / ""মহাদেবপুর"": 0 HDX matches in district 5064. Unions: 10. | nuhil_upazila_name_no_match; Upazila ""Mohadevpur"" / ""মহাদেবপুর"": 0 HDX matches in district 5064. Unions: 10. | nuhil_upazila_name_no_match; Upazila ""Mohadevpur"" / ""মহাদেবপুর"": 0 HDX matches in district 5064. Unions: 10."
2,19,161,Rajshahi,Naogaon,Badalgachi,রাজশাহী,নওগাঁ,বদলগাছী,nuhil_upazila_name_no_match,,,,,,,,,,,,,,,,,,,,,,,,,,,,,,,,,,,PENDING,,"nuhil_upazila_name_no_match; Upazila ""Badalgachi"" / ""বদলগাছী"": 0 HDX matches in district 5064. Unions: 8. | nuhil_upazila_name_no_match; Upazila ""Badalgachi"" / ""বদলগাছী"": 0 HDX matches in district 5064. Unions: 8. | nuhil_upazila_name_no_match; Upazila ""Badalgachi"" / ""বদলগাছী"": 0 HDX matches in district 5064. Unions: 8."
3,20,173,Khulna,Jashore,Bagherpara,খুলনা,যশোর,বাঘারপাড়া,nuhil_upazila_name_no_match,,,,,,,,,,,,,,,,,,,,,,,,,,,,,,,,,,,PENDING,,"nuhil_upazila_name_no_match; Upazila ""Bagherpara"" / ""বাঘারপাড়া"": 0 HDX matches in district 4041. Unions: 9. | nuhil_upazila_name_no_match; Upazila ""Bagherpara"" / ""বাঘারপাড়া"": 0 HDX matches in district 4041. Unions: 9. | nuhil_upazila_name_no_match; Upazila ""Bagherpara"" / ""বাঘারপাড়া"": 0 HDX matches in district 4041. Unions: 9."
3,20,174,Khulna,Jashore,Chougachha,খুলনা,যশোর,চৌগাছা,nuhil_upazila_name_no_match,,,,,,,,,,,,,,,,,,,,,,,,,,,,,,,,,,,PENDING,,"nuhil_upazila_name_no_match; Upazila ""Chougachha"" / ""চৌগাছা"": 0 HDX matches in district 4041. Unions: 11. | nuhil_upazila_name_no_match; Upazila ""Chougachha"" / ""চৌগাছা"": 0 HDX matches in district 4041. Unions: 11. | nuhil_upazila_name_no_match; Upazila ""Chougachha"" / ""চৌগাছা"": 0 HDX matches in district 4041. Unions: 11."
3,20,175,Khulna,Jashore,Jhikargacha,খুলনা,যশোর,ঝিকরগাছা,nuhil_upazila_name_no_match,,,,,,,,,,,,,,,,,,,,,,,,,,,,,,,,,,,PENDING,,"nuhil_upazila_name_no_match; Upazila ""Jhikargacha"" / ""ঝিকরগাছা"": 0 HDX matches in district 4041. Unions: 11. | nuhil_upazila_name_no_match; Upazila ""Jhikargacha"" / ""ঝিকরগাছা"": 0 HDX matches in district 4041. Unions: 11. | nuhil_upazila_name_no_match; Upazila ""Jhikargacha"" / ""ঝিকরগাছা"": 0 HDX matches in district 4041. Unions: 11."
3,20,177,Khulna,Jashore,Jessore Sadar,খুলনা,যশোর,যশোর সদর,nuhil_upazila_name_no_match,,,,,,,,,,,,,,,,,,,,,,,,,,,,,,,,,,,PENDING,,"nuhil_upazila_name_no_match; Upazila ""Jessore Sadar"" / ""যশোর সদর"": 0 HDX matches in district 4041. Unions: 15. | nuhil_upazila_name_no_match; Upazila ""Jessore Sadar"" / ""যশোর সদর"": 0 HDX matches in district 4041. Unions: 15. | nuhil_upazila_name_no_match; Upazila ""Jessore Sadar"" / ""যশোর সদর"": 0 HDX matches in district 4041. Unions: 15."
3,21,179,Khulna,Satkhira,Assasuni,খুলনা,সাতক্ষীরা,আশাশুনি,nuhil_upazila_name_no_match,,,,,,,,,,,,,,,,,,,,,,,,,,,,,,,,,,,PENDING,,"nuhil_upazila_name_no_match; Upazila ""Assasuni"" / ""আশাশুনি"": 0 HDX matches in district 4087. Unions: 11. | nuhil_upazila_name_no_match; Upazila ""Assasuni"" / ""আশাশুনি"": 0 HDX matches in district 4087. Unions: 11. | nuhil_upazila_name_no_match; Upazila ""Assasuni"" / ""আশাশুনি"": 0 HDX matches in district 4087. Unions: 11."
3,27,206,Khulna,Khulna,Paikgasa,খুলনা,খুলনা,পাইকগাছা,nuhil_upazila_name_no_match,,,,,,,,,,,,,,,,,,,,,,,,,,,,,,,,,,,PENDING,,"nuhil_upazila_name_no_match; Upazila ""Paikgasa"" / ""পাইকগাছা"": 0 HDX matches in district 4047. Unions: 10. | nuhil_upazila_name_no_match; Upazila ""Paikgasa"" / ""পাইকগাছা"": 0 HDX matches in district 4047. Unions: 10. | nuhil_upazila_name_no_match; Upazila ""Paikgasa"" / ""পাইকগাছা"": 0 HDX matches in district 4047. Unions: 10."
3,27,207,Khulna,Khulna,Fultola,খুলনা,খুলনা,ফুলতলা,nuhil_upazila_name_no_match,,,,,,,,,,,,,,,,,,,,,,,,,,,,,,,,,,,PENDING,,"nuhil_upazila_name_no_match; Upazila ""Fultola"" / ""ফুলতলা"": 0 HDX matches in district 4047. Unions: 4. | nuhil_upazila_name_no_match; Upazila ""Fultola"" / ""ফুলতলা"": 0 HDX matches in district 4047. Unions: 4. | nuhil_upazila_name_no_match; Upazila ""Fultola"" / ""ফুলতলা"": 0 HDX matches in district 4047. Unions: 4."
3,27,208,Khulna,Khulna,Digholia,খুলনা,খুলনা,দিঘলিয়া,nuhil_upazila_name_no_match,,,,,,,,,,,,,,,,,,,,,,,,,,,,,,,,,,,PENDING,,"nuhil_upazila_name_no_match; Upazila ""Digholia"" / ""দিঘলিয়া"": 0 HDX matches in district 4047. Unions: 6. | nuhil_upazila_name_no_match; Upazila ""Digholia"" / ""দিঘলিয়া"": 0 HDX matches in district 4047. Unions: 6. | nuhil_upazila_name_no_match; Upazila ""Digholia"" / ""দিঘলিয়া"": 0 HDX matches in district 4047. Unions: 6."
3,27,209,Khulna,Khulna,Rupsha,খুলনা,খুলনা,রূপসা,nuhil_upazila_name_no_match,,,,,,,,,,,,,,,,,,,,,,,,,,,,,,,,,,,PENDING,,"nuhil_upazila_name_no_match; Upazila ""Rupsha"" / ""রূপসা"": 0 HDX matches in district 4047. Unions: 5. | nuhil_upazila_name_no_match; Upazila ""Rupsha"" / ""রূপসা"": 0 HDX matches in district 4047. Unions: 5. | nuhil_upazila_name_no_match; Upazila ""Rupsha"" / ""রূপসা"": 0 HDX matches in district 4047. Unions: 5."
3,27,212,Khulna,Khulna,Botiaghata,খুলনা,খুলনা,বটিয়াঘাটা,nuhil_upazila_name_no_match,,,,,,,,,,,,,,,,,,,,,,,,,,,,,,,,,,,PENDING,,"nuhil_upazila_name_no_match; Upazila ""Botiaghata"" / ""বটিয়াঘাটা"": 0 HDX matches in district 4047. Unions: 7. | nuhil_upazila_name_no_match; Upazila ""Botiaghata"" / ""বটিয়াঘাটা"": 0 HDX matches in district 4047. Unions: 7. | nuhil_upazila_name_no_match; Upazila ""Botiaghata"" / ""বটিয়াঘাটা"": 0 HDX matches in district 4047. Unions: 7."
3,27,213,Khulna,Khulna,Dakop,খুলনা,খুলনা,দাকোপ,nuhil_upazila_name_no_match,,,,,,,,,,,,,,,,,,,,,,,,,,,,,,,,,,,PENDING,,"nuhil_upazila_name_no_match; Upazila ""Dakop"" / ""দাকোপ"": 0 HDX matches in district 4047. Unions: 9. | nuhil_upazila_name_no_match; Upazila ""Dakop"" / ""দাকোপ"": 0 HDX matches in district 4047. Unions: 9. | nuhil_upazila_name_no_match; Upazila ""Dakop"" / ""দাকোপ"": 0 HDX matches in district 4047. Unions: 9."
3,28,218,Khulna,Bagerhat,Sarankhola,খুলনা,বাগেরহাট,শরণখোলা,nuhil_upazila_name_no_match,,,,,,,,,,,,,,,,,,,,,,,,,,,,,,,,,,,PENDING,,"nuhil_upazila_name_no_match; Upazila ""Sarankhola"" / ""শরণখোলা"": 0 HDX matches in district 4001. Unions: 4. | nuhil_upazila_name_no_match; Upazila ""Sarankhola"" / ""শরণখোলা"": 0 HDX matches in district 4001. Unions: 4. | nuhil_upazila_name_no_match; Upazila ""Sarankhola"" / ""শরণখোলা"": 0 HDX matches in district 4001. Unions: 4."
3,28,220,Khulna,Bagerhat,Morrelganj,খুলনা,বাগেরহাট,মোড়েলগঞ্জ,nuhil_upazila_name_no_match,,,,,,,,,,,,,,,,,,,,,,,,,,,,,,,,,,,PENDING,,"nuhil_upazila_name_no_match; Upazila ""Morrelganj"" / ""মোড়েলগঞ্জ"": 0 HDX matches in district 4001. Unions: 16. | nuhil_upazila_name_no_match; Upazila ""Morrelganj"" / ""মোড়েলগঞ্জ"": 0 HDX matches in district 4001. Unions: 16. | nuhil_upazila_name_no_match; Upazila ""Morrelganj"" / ""মোড়েলগঞ্জ"": 0 HDX matches in district 4001. Unions: 16."
3,29,229,Khulna,Jhenaidah,Moheshpur,খুলনা,ঝিনাইদহ,মহেশপুর,nuhil_upazila_name_no_match,,,,,,,,,,,,,,,,,,,,,,,,,,,,,,,,,,,PENDING,,"nuhil_upazila_name_no_match; Upazila ""Moheshpur"" / ""মহেশপুর"": 0 HDX matches in district 4044. Unions: 12. | nuhil_upazila_name_no_match; Upazila ""Moheshpur"" / ""মহেশপুর"": 0 HDX matches in district 4044. Unions: 12. | nuhil_upazila_name_no_match; Upazila ""Moheshpur"" / ""মহেশপুর"": 0 HDX matches in district 4044. Unions: 12."
4,32,245,Barisal,Pirojpur,Zianagar,বরিশাল,পিরোজপুর,জিয়ানগর,nuhil_upazila_name_no_match,,,,,,,,,,,,,,,,,,,,,,,,,,,,,,,,,,,PENDING,,"nuhil_upazila_name_no_match; Upazila ""Zianagar"" / ""জিয়ানগর"": 0 HDX matches in district 1079. Unions: 3. | nuhil_upazila_name_no_match; Upazila ""Zianagar"" / ""জিয়ানগর"": 0 HDX matches in district 1079. Unions: 3. | nuhil_upazila_name_no_match; Upazila ""Zianagar"" / ""জিয়ানগর"": 0 HDX matches in district 1079. Unions: 3."
4,32,248,Barisal,Pirojpur,Nesarabad,বরিশাল,পিরোজপুর,নেছারাবাদ,nuhil_upazila_name_no_match,10,1079,10790087,Barishal,Pirojpur,Nesarabad (Swarupkathi),বরিশাল বিভাগ,,,Within mapped HDX division (Barisal); District + upazila name similarity (token / substring),,,,,,,,,,,,,,,,,,,,,,,,,PENDING,,"nuhil_upazila_name_no_match; Upazila ""Nesarabad"" / ""নেছারাবাদ"": 0 HDX matches in district 1079. Unions: 10. | nuhil_upazila_name_no_match; Upazila ""Nesarabad"" / ""নেছারাবাদ"": 0 HDX matches in district 1079. Unions: 10. | nuhil_upazila_name_no_match; Upazila ""Nesarabad"" / ""নেছারাবাদ"": 0 HDX matches in district 1079. Unions: 10."
4,34,260,Barisal,Bhola,Borhan Sddin,বরিশাল,ভোলা,বোরহান উদ্দিন,nuhil_upazila_name_no_match,,,,,,,,,,,,,,,,,,,,,,,,,,,,,,,,,,,PENDING,,"nuhil_upazila_name_no_match; Upazila ""Borhan Sddin"" / ""বোরহান উদ্দিন"": 0 HDX matches in district 1009. Unions: 5. | nuhil_upazila_name_no_match; Upazila ""Borhan Sddin"" / ""বোরহান উদ্দিন"": 0 HDX matches in district 1009. Unions: 5. | nuhil_upazila_name_no_match; Upazila ""Borhan Sddin"" / ""বোরহান উদ্দিন"": 0 HDX matches in district 1009. Unions: 5."
4,34,261,Barisal,Bhola,Charfesson,বরিশাল,ভোলা,চরফ্যাশন,nuhil_upazila_name_no_match,,,,,,,,,,,,,,,,,,,,,,,,,,,,,,,,,,,PENDING,,"nuhil_upazila_name_no_match; Upazila ""Charfesson"" / ""চরফ্যাশন"": 0 HDX matches in district 1009. Unions: 20. | nuhil_upazila_name_no_match; Upazila ""Charfesson"" / ""চরফ্যাশন"": 0 HDX matches in district 1009. Unions: 20. | nuhil_upazila_name_no_match; Upazila ""Charfesson"" / ""চরফ্যাশন"": 0 HDX matches in district 1009. Unions: 20."
4,34,262,Barisal,Bhola,Doulatkhan,বরিশাল,ভোলা,দৌলতখান,nuhil_upazila_name_no_match,,,,,,,,,,,,,,,,,,,,,,,,,,,,,,,,,,,PENDING,,"nuhil_upazila_name_no_match; Upazila ""Doulatkhan"" / ""দৌলতখান"": 0 HDX matches in district 1009. Unions: 9. | nuhil_upazila_name_no_match; Upazila ""Doulatkhan"" / ""দৌলতখান"": 0 HDX matches in district 1009. Unions: 9. | nuhil_upazila_name_no_match; Upazila ""Doulatkhan"" / ""দৌলতখান"": 0 HDX matches in district 1009. Unions: 9."
4,35,270,Barisal,Barguna,Pathorghata,বরিশাল,বরগুনা,পাথরঘাটা,nuhil_upazila_name_no_match,,,,,,,,,,,,,,,,,,,,,,,,,,,,,,,,,,,PENDING,,"nuhil_upazila_name_no_match; Upazila ""Pathorghata"" / ""পাথরঘাটা"": 0 HDX matches in district 1004. Unions: 7. | nuhil_upazila_name_no_match; Upazila ""Pathorghata"" / ""পাথরঘাটা"": 0 HDX matches in district 1004. Unions: 7. | nuhil_upazila_name_no_match; Upazila ""Pathorghata"" / ""পাথরঘাটা"": 0 HDX matches in district 1004. Unions: 7."
5,36,279,Sylhet,Sylhet,Jaintiapur,সিলেট,সিলেট,জৈন্তাপুর,nuhil_upazila_name_no_match,,,,,,,,,,,,,,,,,,,,,,,,,,,,,,,,,,,PENDING,,"nuhil_upazila_name_no_match; Upazila ""Jaintiapur"" / ""জৈন্তাপুর"": 0 HDX matches in district 6091. Unions: 6. | nuhil_upazila_name_no_match; Upazila ""Jaintiapur"" / ""জৈন্তাপুর"": 0 HDX matches in district 6091. Unions: 6. | nuhil_upazila_name_no_match; Upazila ""Jaintiapur"" / ""জৈন্তাপুর"": 0 HDX matches in district 6091. Unions: 6."
5,36,283,Sylhet,Sylhet,Dakshinsurma,সিলেট,সিলেট,দক্ষিণ সুরমা,nuhil_upazila_name_no_match,,,,,,,,,,,,,,,,,,,,,,,,,,,,,,,,,,,PENDING,,"nuhil_upazila_name_no_match; Upazila ""Dakshinsurma"" / ""দক্ষিণ সুরমা"": 0 HDX matches in district 6091. Unions: 10. | nuhil_upazila_name_no_match; Upazila ""Dakshinsurma"" / ""দক্ষিণ সুরমা"": 0 HDX matches in district 6091. Unions: 10. | nuhil_upazila_name_no_match; Upazila ""Dakshinsurma"" / ""দক্ষিণ সুরমা"": 0 HDX matches in district 6091. Unions: 10."
5,37,285,Sylhet,Moulvibazar,Barlekha,সিলেট,মৌলভীবাজার,বড়লেখা,nuhil_upazila_name_no_match,,,,,,,,,,,,,,,,,,,,,,,,,,,,,,,,,,,PENDING,,"nuhil_upazila_name_no_match; Upazila ""Barlekha"" / ""বড়লেখা"": 0 HDX matches in district 6058. Unions: 11. | nuhil_upazila_name_no_match; Upazila ""Barlekha"" / ""বড়লেখা"": 0 HDX matches in district 6058. Unions: 11. | nuhil_upazila_name_no_match; Upazila ""Barlekha"" / ""বড়লেখা"": 0 HDX matches in district 6058. Unions: 11."
5,37,286,Sylhet,Moulvibazar,Kamolganj,সিলেট,মৌলভীবাজার,কমলগঞ্জ,nuhil_upazila_name_no_match,,,,,,,,,,,,,,,,,,,,,,,,,,,,,,,,,,,PENDING,,"nuhil_upazila_name_no_match; Upazila ""Kamolganj"" / ""কমলগঞ্জ"": 0 HDX matches in district 6058. Unions: 9. | nuhil_upazila_name_no_match; Upazila ""Kamolganj"" / ""কমলগঞ্জ"": 0 HDX matches in district 6058. Unions: 9. | nuhil_upazila_name_no_match; Upazila ""Kamolganj"" / ""কমলগঞ্জ"": 0 HDX matches in district 6058. Unions: 9."
5,39,301,Sylhet,Sunamganj,South Sunamganj,সিলেট,সুনামগঞ্জ,দক্ষিণ সুনামগঞ্জ,nuhil_upazila_name_no_match,,,,,,,,,,,,,,,,,,,,,,,,,,,,,,,,,,,PENDING,,"nuhil_upazila_name_no_match; Upazila ""South Sunamganj"" / ""দক্ষিণ সুনামগঞ্জ"": 0 HDX matches in district 6090. Unions: 8. | nuhil_upazila_name_no_match; Upazila ""South Sunamganj"" / ""দক্ষিণ সুনামগঞ্জ"": 0 HDX matches in district 6090. Unions: 8. | nuhil_upazila_name_no_match; Upazila ""South Sunamganj"" / ""দক্ষিণ সুনামগঞ্জ"": 0 HDX matches in district 6090. Unions: 8."
5,39,302,Sylhet,Sunamganj,Bishwambarpur,সিলেট,সুনামগঞ্জ,বিশ্বম্ভরপুর,nuhil_upazila_name_no_match,,,,,,,,,,,,,,,,,,,,,,,,,,,,,,,,,,,PENDING,,"nuhil_upazila_name_no_match; Upazila ""Bishwambarpur"" / ""বিশ্বম্ভরপুর"": 0 HDX matches in district 6090. Unions: 5. | nuhil_upazila_name_no_match; Upazila ""Bishwambarpur"" / ""বিশ্বম্ভরপুর"": 0 HDX matches in district 6090. Unions: 5. | nuhil_upazila_name_no_match; Upazila ""Bishwambarpur"" / ""বিশ্বম্ভরপুর"": 0 HDX matches in district 6090. Unions: 5."
6,40,312,Dhaka,Narsingdi,Monohardi,ঢাকা,নরসিংদী,মনোহরদী,nuhil_upazila_name_no_match,,,,,,,,,,,,,,,,,,,,,,,,,,,,,,,,,,,PENDING,,"nuhil_upazila_name_no_match; Upazila ""Monohardi"" / ""মনোহরদী"": 0 HDX matches in district 3068. Unions: 12. | nuhil_upazila_name_no_match; Upazila ""Monohardi"" / ""মনোহরদী"": 0 HDX matches in district 3068. Unions: 12. | nuhil_upazila_name_no_match; Upazila ""Monohardi"" / ""মনোহরদী"": 0 HDX matches in district 3068. Unions: 12."
6,44,334,Dhaka,Tangail,Bhuapur,ঢাকা,টাঙ্গাইল,ভুয়াপুর,nuhil_upazila_name_no_match,,,,,,,,,,,,,,,,,,,,,,,,,,,,,,,,,,,PENDING,,"nuhil_upazila_name_no_match; Upazila ""Bhuapur"" / ""ভুয়াপুর"": 0 HDX matches in district 3093. Unions: 6. | nuhil_upazila_name_no_match; Upazila ""Bhuapur"" / ""ভুয়াপুর"": 0 HDX matches in district 3093. Unions: 6. | nuhil_upazila_name_no_match; Upazila ""Bhuapur"" / ""ভুয়াপুর"": 0 HDX matches in district 3093. Unions: 6."
6,45,353,Dhaka,Kishoreganj,Karimgonj,ঢাকা,কিশোরগঞ্জ,করিমগঞ্জ,nuhil_upazila_name_no_match,,,,,,,,,,,,,,,,,,,,,,,,,,,,,,,,,,,PENDING,,"nuhil_upazila_name_no_match; Upazila ""Karimgonj"" / ""করিমগঞ্জ"": 0 HDX matches in district 3048. Unions: 11. | nuhil_upazila_name_no_match; Upazila ""Karimgonj"" / ""করিমগঞ্জ"": 0 HDX matches in district 3048. Unions: 11. | nuhil_upazila_name_no_match; Upazila ""Karimgonj"" / ""করিমগঞ্জ"": 0 HDX matches in district 3048. Unions: 11."
6,45,356,Dhaka,Kishoreganj,Mithamoin,ঢাকা,কিশোরগঞ্জ,মিঠামইন,nuhil_upazila_name_no_match,,,,,,,,,,,,,,,,,,,,,,,,,,,,,,,,,,,PENDING,,"nuhil_upazila_name_no_match; Upazila ""Mithamoin"" / ""মিঠামইন"": 0 HDX matches in district 3048. Unions: 7. | nuhil_upazila_name_no_match; Upazila ""Mithamoin"" / ""মিঠামইন"": 0 HDX matches in district 3048. Unions: 7. | nuhil_upazila_name_no_match; Upazila ""Mithamoin"" / ""মিঠামইন"": 0 HDX matches in district 3048. Unions: 7."
6,46,361,Dhaka,Manikganj,Gior,ঢাকা,মানিকগঞ্জ,ঘিওর,nuhil_upazila_name_no_match,,,,,,,,,,,,,,,,,,,,,,,,,,,,,,,,,,,PENDING,,"nuhil_upazila_name_no_match; Upazila ""Gior"" / ""ঘিওর"": 0 HDX matches in district 3056. Unions: 7. | nuhil_upazila_name_no_match; Upazila ""Gior"" / ""ঘিওর"": 0 HDX matches in district 3056. Unions: 7. | nuhil_upazila_name_no_match; Upazila ""Gior"" / ""ঘিওর"": 0 HDX matches in district 3056. Unions: 7."
6,46,362,Dhaka,Manikganj,Shibaloy,ঢাকা,মানিকগঞ্জ,শিবালয়,nuhil_upazila_name_no_match,,,,,,,,,,,,,,,,,,,,,,,,,,,,,,,,,,,PENDING,,"nuhil_upazila_name_no_match; Upazila ""Shibaloy"" / ""শিবালয়"": 0 HDX matches in district 3056. Unions: 7. | nuhil_upazila_name_no_match; Upazila ""Shibaloy"" / ""শিবালয়"": 0 HDX matches in district 3056. Unions: 7. | nuhil_upazila_name_no_match; Upazila ""Shibaloy"" / ""শিবালয়"": 0 HDX matches in district 3056. Unions: 7."
6,46,363,Dhaka,Manikganj,Doulatpur,ঢাকা,মানিকগঞ্জ,দৌলতপুর,nuhil_upazila_name_no_match,,,,,,,,,,,,,,,,,,,,,,,,,,,,,,,,,,,PENDING,,"nuhil_upazila_name_no_match; Upazila ""Doulatpur"" / ""দৌলতপুর"": 0 HDX matches in district 3056. Unions: 8. | nuhil_upazila_name_no_match; Upazila ""Doulatpur"" / ""দৌলতপুর"": 0 HDX matches in district 3056. Unions: 8. | nuhil_upazila_name_no_match; Upazila ""Doulatpur"" / ""দৌলতপুর"": 0 HDX matches in district 3056. Unions: 8."
6,46,364,Dhaka,Manikganj,Singiar,ঢাকা,মানিকগঞ্জ,সিংগাইর,nuhil_upazila_name_no_match,,,,,,,,,,,,,,,,,,,,,,,,,,,,,,,,,,,PENDING,,"nuhil_upazila_name_no_match; Upazila ""Singiar"" / ""সিংগাইর"": 0 HDX matches in district 3056. Unions: 11. | nuhil_upazila_name_no_match; Upazila ""Singiar"" / ""সিংগাইর"": 0 HDX matches in district 3056. Unions: 11. | nuhil_upazila_name_no_match; Upazila ""Singiar"" / ""সিংগাইর"": 0 HDX matches in district 3056. Unions: 11."
6,48,373,Dhaka,Munshiganj,Louhajanj,ঢাকা,মুন্সিগঞ্জ,লৌহজং,nuhil_upazila_name_no_match,,,,,,,,,,,,,,,,,,,,,,,,,,,,,,,,,,,PENDING,,"nuhil_upazila_name_no_match; Upazila ""Louhajanj"" / ""লৌহজং"": 0 HDX matches in district 3059. Unions: 10. | nuhil_upazila_name_no_match; Upazila ""Louhajanj"" / ""লৌহজং"": 0 HDX matches in district 3059. Unions: 10. | nuhil_upazila_name_no_match; Upazila ""Louhajanj"" / ""লৌহজং"": 0 HDX matches in district 3059. Unions: 10."
6,48,374,Dhaka,Munshiganj,Gajaria,ঢাকা,মুন্সিগঞ্জ,গজারিয়া,nuhil_upazila_name_no_match,,,,,,,,,,,,,,,,,,,,,,,,,,,,,,,,,,,PENDING,,"nuhil_upazila_name_no_match; Upazila ""Gajaria"" / ""গজারিয়া"": 0 HDX matches in district 3059. Unions: 8. | nuhil_upazila_name_no_match; Upazila ""Gajaria"" / ""গজারিয়া"": 0 HDX matches in district 3059. Unions: 8. | nuhil_upazila_name_no_match; Upazila ""Gajaria"" / ""গজারিয়া"": 0 HDX matches in district 3059. Unions: 8."
6,49,378,Dhaka,Rajbari,Pangsa,ঢাকা,রাজবাড়ী,পাংশা,nuhil_upazila_name_no_match,,,,,,,,,,,,,,,,,,,,,,,,,,,,,,,,,,,PENDING,,"nuhil_upazila_name_no_match; Upazila ""Pangsa"" / ""পাংশা"": 0 HDX matches in district 3082. Unions: 10. | nuhil_upazila_name_no_match; Upazila ""Pangsa"" / ""পাংশা"": 0 HDX matches in district 3082. Unions: 10. | nuhil_upazila_name_no_match; Upazila ""Pangsa"" / ""পাংশা"": 0 HDX matches in district 3082. Unions: 10."
6,52,396,Dhaka,Faridpur,Charbhadrasan,ঢাকা,ফরিদপুর,চরভদ্রাসন,nuhil_upazila_name_no_match,,,,,,,,,,,,,,,,,,,,,,,,,,,,,,,,,,,PENDING,,"nuhil_upazila_name_no_match; Upazila ""Charbhadrasan"" / ""চরভদ্রাসন"": 0 HDX matches in district 3029. Unions: 4. | nuhil_upazila_name_no_match; Upazila ""Charbhadrasan"" / ""চরভদ্রাসন"": 0 HDX matches in district 3029. Unions: 4. | nuhil_upazila_name_no_match; Upazila ""Charbhadrasan"" / ""চরভদ্রাসন"": 0 HDX matches in district 3029. Unions: 4."
7,53,402,Rangpur,Panchagarh,Atwari,রংপুর,পঞ্চগড়,আটোয়ারী,nuhil_upazila_name_no_match,,,,,,,,,,,,,,,,,,,,,,,,,,,,,,,,,,,PENDING,,"nuhil_upazila_name_no_match; Upazila ""Atwari"" / ""আটোয়ারী"": 0 HDX matches in district 5577. Unions: 6. | nuhil_upazila_name_no_match; Upazila ""Atwari"" / ""আটোয়ারী"": 0 HDX matches in district 5577. Unions: 6. | nuhil_upazila_name_no_match; Upazila ""Atwari"" / ""আটোয়ারী"": 0 HDX matches in district 5577. Unions: 6."
7,53,403,Rangpur,Panchagarh,Tetulia,রংপুর,পঞ্চগড়,তেতুলিয়া,nuhil_upazila_name_no_match,,,,,,,,,,,,,,,,,,,,,,,,,,,,,,,,,,,PENDING,,"nuhil_upazila_name_no_match; Upazila ""Tetulia"" / ""তেতুলিয়া"": 0 HDX matches in district 5577. Unions: 8. | nuhil_upazila_name_no_match; Upazila ""Tetulia"" / ""তেতুলিয়া"": 0 HDX matches in district 5577. Unions: 8. | nuhil_upazila_name_no_match; Upazila ""Tetulia"" / ""তেতুলিয়া"": 0 HDX matches in district 5577. Unions: 8."
7,54,404,Rangpur,Dinajpur,Nawabganj,রংপুর,দিনাজপুর,নবাবগঞ্জ,nuhil_upazila_name_no_match,30,3026,30260062,Dhaka,Dhaka,Nawabganj,ঢাকা বিভাগ,,,Different HDX division than nuhil-mapped 55; Exact normalized English (or cross-field) upazila name match,50,5070,50700066,Rajshahi,Chapainababganj,Chapainawabganj Sadar,রাজশাহী বিভাগ,,,Different HDX division than nuhil-mapped 55; Upazila name similarity only (weak — verify district),,,,,,,,,,,,,,,PENDING,,"nuhil_upazila_name_no_match; Upazila ""Nawabganj"" / ""নবাবগঞ্জ"": 0 HDX matches in district 5527. Unions: 9. | nuhil_upazila_name_no_match; Upazila ""Nawabganj"" / ""নবাবগঞ্জ"": 0 HDX matches in district 5527. Unions: 9. | nuhil_upazila_name_no_match; Upazila ""Nawabganj"" / ""নবাবগঞ্জ"": 0 HDX matches in district 5527. Unions: 9."
7,54,410,Rangpur,Dinajpur,Kaharol,রংপুর,দিনাজপুর,কাহারোল,nuhil_upazila_name_no_match,55,5527,55270056,Rangpur,Dinajpur,Kaharole,রংপুর বিভাগ,,,Within mapped HDX division (Rangpur); District + upazila name similarity (token / substring),,,,,,,,,,,,,,,,,,,,,,,,,PENDING,,"nuhil_upazila_name_no_match; Upazila ""Kaharol"" / ""কাহারোল"": 0 HDX matches in district 5527. Unions: 6. | nuhil_upazila_name_no_match; Upazila ""Kaharol"" / ""কাহারোল"": 0 HDX matches in district 5527. Unions: 6. | nuhil_upazila_name_no_match; Upazila ""Kaharol"" / ""কাহারোল"": 0 HDX matches in district 5527. Unions: 6."
7,56,422,Rangpur,Nilphamari,Syedpur,রংপুর,নীলফামারী,সৈয়দপুর,nuhil_upazila_name_no_match,,,,,,,,,,,,,,,,,,,,,,,,,,,,,,,,,,,PENDING,,"nuhil_upazila_name_no_match; Upazila ""Syedpur"" / ""সৈয়দপুর"": 0 HDX matches in district 5573. Unions: 5. | nuhil_upazila_name_no_match; Upazila ""Syedpur"" / ""সৈয়দপুর"": 0 HDX matches in district 5573. Unions: 5. | nuhil_upazila_name_no_match; Upazila ""Syedpur"" / ""সৈয়দপুর"": 0 HDX matches in district 5573. Unions: 5."
7,56,426,Rangpur,Nilphamari,Kishorganj,রংপুর,নীলফামারী,কিশোরগঞ্জ,nuhil_upazila_name_no_match,,,,,,,,,,,,,,,,,,,,,,,,,,,,,,,,,,,PENDING,,"nuhil_upazila_name_no_match; Upazila ""Kishorganj"" / ""কিশোরগঞ্জ"": 0 HDX matches in district 5573. Unions: 9. | nuhil_upazila_name_no_match; Upazila ""Kishorganj"" / ""কিশোরগঞ্জ"": 0 HDX matches in district 5573. Unions: 9. | nuhil_upazila_name_no_match; Upazila ""Kishorganj"" / ""কিশোরগঞ্জ"": 0 HDX matches in district 5573. Unions: 9."
7,57,434,Rangpur,Gaibandha,Phulchari,রংপুর,গাইবান্ধা,ফুলছড়ি,nuhil_upazila_name_no_match,,,,,,,,,,,,,,,,,,,,,,,,,,,,,,,,,,,PENDING,,"nuhil_upazila_name_no_match; Upazila ""Phulchari"" / ""ফুলছড়ি"": 0 HDX matches in district 5532. Unions: 7. | nuhil_upazila_name_no_match; Upazila ""Phulchari"" / ""ফুলছড়ি"": 0 HDX matches in district 5532. Unions: 7. | nuhil_upazila_name_no_match; Upazila ""Phulchari"" / ""ফুলছড়ি"": 0 HDX matches in district 5532. Unions: 7."
7,58,437,Rangpur,Thakurgaon,Ranisankail,রংপুর,ঠাকুরগাঁও,রাণীশংকৈল,nuhil_upazila_name_no_match,,,,,,,,,,,,,,,,,,,,,,,,,,,,,,,,,,,PENDING,,"nuhil_upazila_name_no_match; Upazila ""Ranisankail"" / ""রাণীশংকৈল"": 0 HDX matches in district 5594. Unions: 8. | nuhil_upazila_name_no_match; Upazila ""Ranisankail"" / ""রাণীশংকৈল"": 0 HDX matches in district 5594. Unions: 8. | nuhil_upazila_name_no_match; Upazila ""Ranisankail"" / ""রাণীশংকৈল"": 0 HDX matches in district 5594. Unions: 8."
7,59,442,Rangpur,Rangpur,Taragonj,রংপুর,রংপুর,তারাগঞ্জ,nuhil_upazila_name_no_match,,,,,,,,,,,,,,,,,,,,,,,,,,,,,,,,,,,PENDING,,"nuhil_upazila_name_no_match; Upazila ""Taragonj"" / ""তারাগঞ্জ"": 0 HDX matches in district 5585. Unions: 5. | nuhil_upazila_name_no_match; Upazila ""Taragonj"" / ""তারাগঞ্জ"": 0 HDX matches in district 5585. Unions: 5. | nuhil_upazila_name_no_match; Upazila ""Taragonj"" / ""তারাগঞ্জ"": 0 HDX matches in district 5585. Unions: 5."
7,59,443,Rangpur,Rangpur,Badargonj,রংপুর,রংপুর,বদরগঞ্জ,nuhil_upazila_name_no_match,,,,,,,,,,,,,,,,,,,,,,,,,,,,,,,,,,,PENDING,,"nuhil_upazila_name_no_match; Upazila ""Badargonj"" / ""বদরগঞ্জ"": 0 HDX matches in district 5585. Unions: 10. | nuhil_upazila_name_no_match; Upazila ""Badargonj"" / ""বদরগঞ্জ"": 0 HDX matches in district 5585. Unions: 10. | nuhil_upazila_name_no_match; Upazila ""Badargonj"" / ""বদরগঞ্জ"": 0 HDX matches in district 5585. Unions: 10."
7,59,445,Rangpur,Rangpur,Pirgonj,রংপুর,রংপুর,পীরগঞ্জ,nuhil_upazila_name_no_match,,,,,,,,,,,,,,,,,,,,,,,,,,,,,,,,,,,PENDING,,"nuhil_upazila_name_no_match; Upazila ""Pirgonj"" / ""পীরগঞ্জ"": 0 HDX matches in district 5585. Unions: 15. | nuhil_upazila_name_no_match; Upazila ""Pirgonj"" / ""পীরগঞ্জ"": 0 HDX matches in district 5585. Unions: 15. | nuhil_upazila_name_no_match; Upazila ""Pirgonj"" / ""পীরগঞ্জ"": 0 HDX matches in district 5585. Unions: 15."
7,59,447,Rangpur,Rangpur,Pirgacha,রংপুর,রংপুর,পীরগাছা,nuhil_upazila_name_no_match,,,,,,,,,,,,,,,,,,,,,,,,,,,,,,,,,,,PENDING,,"nuhil_upazila_name_no_match; Upazila ""Pirgacha"" / ""পীরগাছা"": 0 HDX matches in district 5585. Unions: 9. | nuhil_upazila_name_no_match; Upazila ""Pirgacha"" / ""পীরগাছা"": 0 HDX matches in district 5585. Unions: 9. | nuhil_upazila_name_no_match; Upazila ""Pirgacha"" / ""পীরগাছা"": 0 HDX matches in district 5585. Unions: 9."
7,60,455,Rangpur,Kurigram,Rowmari,রংপুর,কুড়িগ্রাম,রৌমারী,nuhil_upazila_name_no_match,,,,,,,,,,,,,,,,,,,,,,,,,,,,,,,,,,,PENDING,,"nuhil_upazila_name_no_match; Upazila ""Rowmari"" / ""রৌমারী"": 0 HDX matches in district 5549. Unions: 5. | nuhil_upazila_name_no_match; Upazila ""Rowmari"" / ""রৌমারী"": 0 HDX matches in district 5549. Unions: 5. | nuhil_upazila_name_no_match; Upazila ""Rowmari"" / ""রৌমারী"": 0 HDX matches in district 5549. Unions: 5."
7,60,456,Rangpur,Kurigram,Charrajibpur,রংপুর,কুড়িগ্রাম,চর রাজিবপুর,nuhil_upazila_name_no_match,55,5549,55490008,Rangpur,Kurigram,Rajibpur,রংপুর বিভাগ,,,Within mapped HDX division (Rangpur); District + upazila name similarity (token / substring),,,,,,,,,,,,,,,,,,,,,,,,,PENDING,,"nuhil_upazila_name_no_match; Upazila ""Charrajibpur"" / ""চর রাজিবপুর"": 0 HDX matches in district 5549. Unions: 3. | nuhil_upazila_name_no_match; Upazila ""Charrajibpur"" / ""চর রাজিবপুর"": 0 HDX matches in district 5549. Unions: 3. | nuhil_upazila_name_no_match; Upazila ""Charrajibpur"" / ""চর রাজিবপুর"": 0 HDX matches in district 5549. Unions: 3."
8,61,459,Mymensingh,Sherpur,Sreebordi,ময়মনসিংহ,শেরপুর,শ্রীবরদী,nuhil_upazila_name_no_match,,,,,,,,,,,,,,,,,,,,,,,,,,,,,,,,,,,PENDING,,"nuhil_upazila_name_no_match; Upazila ""Sreebordi"" / ""শ্রীবরদী"": 0 HDX matches in district 4589. Unions: 10. | nuhil_upazila_name_no_match; Upazila ""Sreebordi"" / ""শ্রীবরদী"": 0 HDX matches in district 4589. Unions: 10. | nuhil_upazila_name_no_match; Upazila ""Sreebordi"" / ""শ্রীবরদী"": 0 HDX matches in district 4589. Unions: 10."
8,61,460,Mymensingh,Sherpur,Nokla,ময়মনসিংহ,শেরপুর,নকলা,nuhil_upazila_name_no_match,,,,,,,,,,,,,,,,,,,,,,,,,,,,,,,,,,,PENDING,,"nuhil_upazila_name_no_match; Upazila ""Nokla"" / ""নকলা"": 0 HDX matches in district 4589. Unions: 9. | nuhil_upazila_name_no_match; Upazila ""Nokla"" / ""নকলা"": 0 HDX matches in district 4589. Unions: 9. | nuhil_upazila_name_no_match; Upazila ""Nokla"" / ""নকলা"": 0 HDX matches in district 4589. Unions: 9."
8,62,465,Mymensingh,Mymensingh,Muktagacha,ময়মনসিংহ,ময়মনসিংহ,মুক্তাগাছা,nuhil_upazila_name_no_match,,,,,,,,,,,,,,,,,,,,,,,,,,,,,,,,,,,PENDING,,"nuhil_upazila_name_no_match; Upazila ""Muktagacha"" / ""মুক্তাগাছা"": 0 HDX matches in district 4561. Unions: 10. | nuhil_upazila_name_no_match; Upazila ""Muktagacha"" / ""মুক্তাগাছা"": 0 HDX matches in district 4561. Unions: 10. | nuhil_upazila_name_no_match; Upazila ""Muktagacha"" / ""মুক্তাগাছা"": 0 HDX matches in district 4561. Unions: 10."
8,62,468,Mymensingh,Mymensingh,Phulpur,ময়মনসিংহ,ময়মনসিংহ,ফুলপুর,nuhil_upazila_name_no_match,,,,,,,,,,,,,,,,,,,,,,,,,,,,,,,,,,,PENDING,,"nuhil_upazila_name_no_match; Upazila ""Phulpur"" / ""ফুলপুর"": 0 HDX matches in district 4561. Unions: 10. | nuhil_upazila_name_no_match; Upazila ""Phulpur"" / ""ফুলপুর"": 0 HDX matches in district 4561. Unions: 10. | nuhil_upazila_name_no_match; Upazila ""Phulpur"" / ""ফুলপুর"": 0 HDX matches in district 4561. Unions: 10."
8,62,472,Mymensingh,Mymensingh,Iswarganj,ময়মনসিংহ,ময়মনসিংহ,ঈশ্বরগঞ্জ,nuhil_upazila_name_no_match,,,,,,,,,,,,,,,,,,,,,,,,,,,,,,,,,,,PENDING,,"nuhil_upazila_name_no_match; Upazila ""Iswarganj"" / ""ঈশ্বরগঞ্জ"": 0 HDX matches in district 4561. Unions: 11. | nuhil_upazila_name_no_match; Upazila ""Iswarganj"" / ""ঈশ্বরগঞ্জ"": 0 HDX matches in district 4561. Unions: 11. | nuhil_upazila_name_no_match; Upazila ""Iswarganj"" / ""ঈশ্বরগঞ্জ"": 0 HDX matches in district 4561. Unions: 11."
8,63,476,Mymensingh,Jamalpur,Melandah,ময়মনসিংহ,জামালপুর,মেলান্দহ,nuhil_upazila_name_no_match,45,4539,45390061,Mymensingh,Jamalpur,Melandaha,ময়মনসিংহ বিভাগ,,,Within mapped HDX division (Mymensingh); District + upazila name similarity (token / substring),,,,,,,,,,,,,,,,,,,,,,,,,PENDING,,"nuhil_upazila_name_no_match; Upazila ""Melandah"" / ""মেলান্দহ"": 0 HDX matches in district 4539. Unions: 11. | nuhil_upazila_name_no_match; Upazila ""Melandah"" / ""মেলান্দহ"": 0 HDX matches in district 4539. Unions: 11. | nuhil_upazila_name_no_match; Upazila ""Melandah"" / ""মেলান্দহ"": 0 HDX matches in district 4539. Unions: 11."
8,63,478,Mymensingh,Jamalpur,Dewangonj,ময়মনসিংহ,জামালপুর,দেওয়ানগঞ্জ,nuhil_upazila_name_no_match,,,,,,,,,,,,,,,,,,,,,,,,,,,,,,,,,,,PENDING,,"nuhil_upazila_name_no_match; Upazila ""Dewangonj"" / ""দেওয়ানগঞ্জ"": 0 HDX matches in district 4539. Unions: 8. | nuhil_upazila_name_no_match; Upazila ""Dewangonj"" / ""দেওয়ানগঞ্জ"": 0 HDX matches in district 4539. Unions: 8. | nuhil_upazila_name_no_match; Upazila ""Dewangonj"" / ""দেওয়ানগঞ্জ"": 0 HDX matches in district 4539. Unions: 8."
8,63,481,Mymensingh,Jamalpur,Bokshiganj,ময়মনসিংহ,জামালপুর,বকশীগঞ্জ,nuhil_upazila_name_no_match,,,,,,,,,,,,,,,,,,,,,,,,,,,,,,,,,,,PENDING,,"nuhil_upazila_name_no_match; Upazila ""Bokshiganj"" / ""বকশীগঞ্জ"": 0 HDX matches in district 4539. Unions: 7. | nuhil_upazila_name_no_match; Upazila ""Bokshiganj"" / ""বকশীগঞ্জ"": 0 HDX matches in district 4539. Unions: 7. | nuhil_upazila_name_no_match; Upazila ""Bokshiganj"" / ""বকশীগঞ্জ"": 0 HDX matches in district 4539. Unions: 7."
